,comment_content,Chat Luong San Pham,Dong goi,Giao hang,Cham soc khach hang,Thiet ke,Gia Ban,Pin,Do Nhay,Phu Kien,Nut Power,Con Lan,Ket Noi,Phi Ship
0,sản phẩm rất tốt mình khuyên các bạn nên mua,1,0,0,0,0,0,0,0,0,0,0,0,0
1,giao không đúng yêu cầu nc mệt mỏi,0,0,1,0,0,0,0,0,0,0,0,0,0
2,đúng hàng xài tốt ok cửa hàng,1,0,0,0,0,0,0,0,0,0,0,0,0
3,đóng gói chắc chắn mẫu mã giống quả ng cáo chất lượng thì sử dụng 1 thời gian mới biết được giao hàng hơi lâu,1,1,1,0,0,0,0,0,0,0,0,0,0
4,hàng ok mới nhận hôm qua bấm không có tiếng không quen lắm,1,0,0,0,0,0,0,0,0,0,0,0,0
5,sản phẩm giống mô tả và tốt hơn mong đợi sản phẩm tốt được tặng cả lót chuột mnguoi nên mua nhé,1,0,0,0,0,0,0,0,1,0,0,0,0
6,sản phẩm giống mô tả cám ơn cửa hàng,1,0,0,0,0,0,0,0,0,0,0,0,0
7,con này xài ok mà giá quá chênh với,0,0,0,0,0,1,0,0,0,0,0,0,0
8,sản phẩm tốt,1,0,0,0,0,0,0,0,0,0,0,0,0
9,sản phẩm sử dụng rất ok và đẹp,1,0,0,0,1,0,0,0,0,0,0,0,0
10,tiếp tục phát huy sự uy tín nhé cửa hàng,0,0,0,0,0,0,0,0,0,0,0,0,0
11,sản phẩm hoàn toàn khác mô tả chất lượng sản phẩm rất tệ hàng giả mạo,1,0,1,0,0,0,0,0,0,0,0,0,0
12,một đôi pin bị hỏng,0,0,0,0,0,0,1,0,0,0,0,0,0
13,đóng gói hàng cẩn thận chắc chắn xài được nhưng giao hàng hơi lâu,0,1,1,0,0,0,0,0,0,0,0,0,0
14,đặt màu đen thì giao màu đỏ không hiểu cửa hàng có biết đọc đơn hàng kg chuột không có pin cũng không nói rõ trong mô tả sản phẩm,0,0,1,0,0,0,1,0,1,0,0,0,0
15,sản phẩm giống mô tả và tốt hơn mong đợi chất lượng sản phẩm xuất sắc đóng gói hàng rất kỹ và chắc chắn dùng mấy hôm rồi mình thấy vẫn rất ok chúc cửa hàng làm ăn phát đạt,1,1,1,0,0,0,0,0,0,0,0,0,0
16,chuột không có đầu cắm thì làm sao sử dụng đây cửa hàng ơi,0,0,0,0,0,0,0,0,1,0,0,0,0
17,cửa hàng phục vụ khá tốt được,0,0,0,1,0,0,0,0,0,0,0,0,0
18,hàng giả mạo thì nói thẳng ra cứ mập mờ,1,0,0,0,0,0,0,0,0,0,0,0,0
19,sản phẩm xài ok sendo làm việc tận tình xin cảm ơn,1,0,0,1,0,0,0,0,0,0,0,0,0
20,sản phẩm giống mô tả và tốt hơn mong đợi đóng gói hàng rất kỹ và chắc chắn hàng chất lượng chuột bấm êm đúng như mong đợi,1,1,0,0,0,0,0,0,0,0,0,0,0
21,sản phẩm bị lỗi mình gửi đổi lâu rồi mà không thấy hồi âm,0,0,0,0,0,0,0,0,0,0,0,0,0
22,chất lượng chưa ưng ý,1,0,0,0,0,0,0,0,0,0,0,0,0
23,mình nhận được hàng rồi cảm ơn cửa hàng sản phẩm rất đẹp chất lượng tốt vì đã thử luôn thời gian giao hàng nhanh cảm ơn cửa hàng nhiều,1,0,1,0,1,0,0,0,0,0,0,0,0
24,vỏ mỏng dễ vỡ,1,0,0,0,1,0,0,0,0,0,0,0,0
25,sản phẩm giống mô tả và tốt hơn mong đợi chất lượng sản phẩm xuất sắc cửa hàng phục vụ cực kỳ nhiệt tình cửa hàng uy tín tư vấn nhiet tình,1,0,0,1,0,0,0,0,0,0,0,0,0
26,giao hàng không giống như hình quả ng cáo,0,0,1,0,0,0,0,0,0,0,0,0,0
27,chất lượng sản phẩm xuất sắc ok,1,0,0,0,0,0,0,0,0,0,0,0,0
28,hàng đểu quá,1,0,0,0,0,0,0,0,0,0,0,0,0
29,chạy được 1lúc là bị chập chờn chậm bực cả mình,1,0,0,0,0,0,0,0,0,0,0,1,0
30,cung được,0,0,0,0,0,0,0,0,0,0,0,0,0
31,sản phẩm giống mô tả và tốt hơn mong đợi chất lượng sản phẩm xuất sắc đóng gói hàng rất kỹ và chắc chắn cửa hàng phục vụ cực kỳ nhiệt tình ok,1,1,0,0,0,0,0,0,0,0,0,0,0
32,mình mua cả bàn phím và chuột bluetoth hàng chính hãng sau 10 ngày sử dụng thấy ok hi vọng là lâu bền,1,0,0,0,0,0,0,0,0,0,0,0,0
33,giao hàng lẹ quá hàng chính hãng gói hàng gì mà ngồi tháo cả buổi cửa hàng phục vụ quá tốt ủng hộ cửa hàng thời gian tới,1,0,1,0,0,0,0,0,0,1,0,0,0
34,đúng mô tả nhưng bluetoth chưa nhạy,0,0,1,0,0,0,0,0,0,0,0,0,0
35,đóng gói hàng rất kỹ và chắc chắn chuột không có công tắc bật tắt rất bất tiện khi thường xuyên phải tháo lắp pin,0,1,0,0,1,0,0,0,0,0,0,0,0
36,mình không thấy tem thông số sản phẩm và nơi sản xuất,0,0,0,0,0,0,0,0,0,0,0,0,0
37,hàng tốt,1,0,0,0,0,0,0,0,0,0,0,0,0
38,cáp kết nối xài ok chuột boston mua màu vàng cửa hàng giao màu xanh thời gian giao hàng lâu,0,0,1,0,0,0,0,0,0,0,0,0,0
39,giao hàng nhanh đóng gói ok chất lượng ok,1,1,1,0,0,0,0,0,0,0,0,0,0
40,rat tot,1,0,0,0,0,0,0,0,0,0,0,0,0
41,đóng gói hàng chưa chắc chắn hai con không có thiết bị nhận chuột vaio và hp nhờ cửa hàng gửi lại cảm ơn,0,1,0,0,0,0,0,0,0,0,0,1,0
42,sản phẩm tốt vượt mong đợi dịch vụ rất hài lòng,1,0,0,1,0,0,0,0,0,0,0,0,0
43,cửa hàng phục vụ cực kỳ nhiệt tình,0,0,0,1,0,0,0,0,0,0,0,0,0
44,sản phẩm giống mô tả và tốt hơn mong đợi đóng gói hàng rất kỹ và chắc chắn ok,1,1,0,0,0,0,0,0,0,0,0,0,0
45,tạm ổn nhưng làm sao biết được là hàng logitech chính hãng,0,0,0,0,0,0,0,0,0,0,0,0,0
46,sản phẩm giống mô tả và tốt hơn mong đợi hàng ok tốt,1,0,0,0,0,0,0,0,0,0,0,0,0
47,xài tốt lắm,1,0,0,0,0,0,0,0,0,0,0,0,0
48,sản phẩm không đúng mô tả không phải chuột bay km900 mà là chuột bay km800 vui lòng đổi lại cho tôi đúng chuột bay km900 như đã đặt hàng,0,0,1,0,0,0,0,0,0,0,0,0,0
49,giao hàng nhanh sản phẩm đúng mô tả,1,0,1,0,0,0,0,0,0,0,0,0,0
50,đóng gói không được tốt khi nhận hàng,0,1,0,0,0,0,0,0,0,0,0,0,0
51,sản phẩm giống mô tả và tốt hơn mong đợi chất lượng sản phẩm xuất sắc đóng gói hàng rất kỹ và chắc chắn cửa hàng phục vụ cực kỳ nhiệt tình giao hàng nhanh,1,0,1,1,0,0,0,0,0,0,0,0,0
52,sản phẩm hoàn toàn khác mô tả,0,0,1,0,0,0,0,0,0,0,0,0,0
53,sản phẩm giống mô tả chất lượng sản phẩm khá tốt đóng gói hàng cẩn thận chắc chắn giao hang quá lau,1,1,1,0,0,0,0,0,0,0,0,0,0
54,tuyệt,0,0,0,0,0,0,0,0,0,0,0,0,0
55,sản phẩm giống mô tả và tốt hơn mong đợi chất lượng sản phẩm xuất sắc đóng gói hàng rất kỹ và chắc chắn cửa hàng phục vụ cực kỳ nhiệt tình vừa nhận được hàng chuột vừa tay rất nhạy cửa hàng nhiệt tình đóng gói chắc chắn,1,1,0,1,1,0,0,0,0,0,0,0,0
56,đóng gói hàng cẩn thận chắc chắn mình đã dùng được 1 tháng chuột không nhạy đặc biết con lăn ở giữa khó dùng phù hợp với giá tiền,0,1,0,0,0,0,0,1,0,0,1,0,0
57,chất lượng sản phẩm xuất sắc đóng gói hàng rất kỹ và chắc chắn sản phẩm giống mô tả và tốt hơn mong đợi,1,1,1,0,0,0,0,0,0,0,0,0,0
58,hàng ok so với giá,1,0,0,0,0,1,0,0,0,0,0,0,0
59,sản phẩm không đúng miêu tả đóng gói không có mút chống va đập hàng rao bán có nút tắt mở nguồn sản phẩm nhận được hình thức giống nhưng không có nút tắt có trầy xước hiện tại đèn sáng tắt phải tháo pin tuy không nhiều tiền nhưng tôi cần cửa hàng và sendo phản hồi về việc này lần đầu tiên tham gia thật sự không hài lòng chính sách đổi trả 48 giờ vui lòng tư vấn lý do tôi không được trả xin cảm ơn,0,1,1,0,0,0,0,0,0,1,0,0,0
60,khach hang chua nhan được hang ma da bao giao hang cho khach hang la sao,0,0,1,0,0,0,0,0,0,0,0,0,0
61,xai duoc,1,0,0,0,0,0,0,0,0,0,0,0,0
62,chuột về dùng không đi chuyển được lúc di được lúc không không hài lòng san phẩm lắm,1,0,0,0,0,0,0,1,0,0,0,0,0
63,sản phẩm giống mô tả đóng gói hàng cẩn thận chắc chắn ok,1,1,1,0,0,0,0,0,0,0,0,0,0
64,cửa hàng phục vụ khá tốt giao hàng giao hàng không cho thử ok không thử dùng quá chán luôn chuột di đơ đơ chậm chậm lúc không di được luôn cần đổi hàng đổi hàng ok sẽ đánh giá lại không thì cửa hàng nhận 1star là đúng thôi miễn bàn cãi p s tem dán làm màu sắc kiểu dáng nhái fpt nhìn qua tưởng fpt hoá ra không phải feedback lần 2 sau phản ánh chủ cửa hàng đã cal và giải quyết nói chung thích cách giải quyết nhanh gọn của chủ cửa hàng sendo mail hỗ trợ các kiểu cũng nhanh hiện đã nhận được 30k tiền bắn vào sđt của mình mình sẽ gửi lại chuột và nhận nốt 29k còn lại cám ơn cửa hàng vì suport 5star ủng hộ,1,0,1,1,0,0,0,1,0,0,0,0,0
65,sản phẩm giống mô tả và tốt hơn mong đợi chất lượng sản phẩm xuất sắc đóng gói hàng rất kỹ và chắc chắn cửa hàng phục vụ cực kỳ nhiệt tình tốt,1,1,1,1,0,0,0,0,0,0,0,0,0
66,sản phẩm giống mô tả chất lượng sản phẩm khá tốt cửa hàng phục vụ khá tốt giao hàng quá lâu,1,0,1,0,0,0,0,0,0,0,0,0,0
67,chuột không có nút on of dán đè tem lên tệ thiệt,0,0,0,0,0,0,0,0,0,1,0,0,0
68,hàng chất lượng nhân viên giao hàng vui vẻ nhiệt tình,1,0,0,1,0,0,0,0,0,0,0,0,0
69,sản phẩm rất tốt đúng như mô tả,1,0,0,0,0,0,0,0,0,0,0,0,0
70,đóng gói hàng rất kỹ và chắc chắn,0,1,0,0,0,0,0,0,0,0,0,0,0
71,chất lượng sản phẩm rất tệ 153k mà về dùng được 2 ngày quá tệ không hiểu nổi làm ăn kiểu gì mua 70k dùng còn tốt hơn,1,0,0,0,0,0,0,0,0,0,0,0,0
72,tốt lắm,1,0,0,0,0,0,0,0,0,0,0,0,0
73,sản phẩm giống mô tả và tốt hơn mong đợi sản phẩm đẹp như hình được tặng lót chuột rất ok,1,0,0,0,1,0,0,0,0,0,1,0,0
74,chất lượng sản phẩm ổn độ ồn click thấp nút cuộn cho cảm giác không quá chắc chắn,1,0,0,0,1,0,0,0,0,0,1,0,0
75,rất thích chuột pin sạc như thấy này rất tiện lợi sản phẩm rất chất lượng,1,0,0,0,1,0,0,0,0,0,0,0,0
76,chuột giá rẽ sử dụng tốt độ nhạy chưa tốt cho lắm,1,0,0,0,0,1,0,1,0,0,0,0,0
77,re ma chất,1,0,0,0,0,1,0,0,0,0,0,0,0
78,giá rẻ ok,0,0,0,0,0,1,0,0,0,0,0,0,0
79,hàng nguyên seal có tem chống giả của digiworld chuột nhạy mượt đóng gói cẩn thận hy vọng sản phẩm bền như cảm nhận ban đầu,1,1,0,0,0,0,0,0,0,0,0,0,1
80,sản phẩm như hình giao hàng nhanh,0,0,1,0,0,0,0,0,0,0,0,0,0
81,khá ok,1,0,0,0,0,0,0,0,0,0,0,0,0
82,đóng gói hàng rất kỹ và chắc chắn tot,1,1,0,0,0,0,0,0,0,0,0,0,0
83,do tao lao do hu ma cung ban lam an o co duc,1,0,0,0,0,0,0,0,0,0,0,0,0
84,hàng tốt,1,0,0,0,0,0,0,0,0,0,0,0,0
85,đóng gói hàng không cẩn thận đóng gói nhìn như hộp rác pin không có làm ăn không đâu vào đâu kém,0,1,0,0,0,0,0,0,1,0,0,0,0
86,gửi hàng thiếu mua 2 con thanh toán xong xuôi lại gửi về có 1 con,0,0,1,0,0,0,0,0,0,0,0,0,0
87,mua sạc del được vaio xịn và rẻ hơn,0,0,0,0,0,0,0,0,0,0,0,0,0
88,tốt khỏi chê,1,0,0,0,0,0,0,0,0,0,0,0,0
89,đúng sản phảm,0,0,1,0,0,0,0,0,0,0,0,0,0
90,hàng nhận rồi nhưng không phải chuột mà là một hộp pin a đề nghị cửa hàng xem lại,0,0,0,0,0,0,1,0,1,0,0,0,0
91,chất lượng sản phẩm xuất sắc đóng gói hàng rất kỹ và chắc chắn cửa hàng phục vụ cực kỳ nhiệt tình hôm bữa nói hoá đơn trên 200k được nhập mã giảm 10k á tuy không giảm ngay nhưng bù lại được card 10k mình có thử sản phẩm rồi máy có vài điểm không giống như mô tả nhưng không đáng kể máy sử dụng tốt lắm chuột không dây chạy mượt đáng để mua nhân viên gọi tư vấn nhiệt tình vui vẻ cám ơn a đã giúp đỡ tận tình zalo nhunguyen 0327470569,1,1,0,1,0,0,0,1,0,0,0,0,0
92,sản phẩm tốt,1,0,0,0,0,0,0,0,0,0,0,0,0
93,mua hàng chưa nhận được hàng mà ghi đã thanh toán chắc là để giá rẻ cho có lệ chứ thật ra không mua được,0,0,1,0,0,1,0,0,0,0,0,0,0
94,được,1,0,0,0,0,0,0,0,0,0,0,0,0
95,hàng đóng gói kĩ càng tốt,0,1,0,0,0,0,0,0,0,0,0,0,0
96,sản phẩm tương đối giống mô tả đóng gói hàng cẩn thận,0,1,1,0,0,0,0,0,0,0,0,0,0
97,sản phẩm dùng tốt vận chuyển quá chậm,1,0,0,0,0,0,0,0,0,0,0,0,0
98,đóng gói hàng rất kỹ và chắc chắn tốt,1,0,0,0,0,0,0,0,0,0,0,0,0
99,sản phẩm giống mô tả và tốt hơn mong đợi hang tốt nka cửa hàng,1,0,0,0,0,0,0,0,0,0,0,0,0
100,chất lượng sản phẩm tương đối tốt ok cửa hàng ak,1,0,0,0,0,0,0,0,0,0,0,0,0
101,sản phẩm dùng tốt,1,0,0,0,0,0,0,0,0,0,0,0,0
102,sản phẩm tốt đóng gói cẩn thận hơi tiếc vận chuyển lâu mất 4 ngày sẽ mua ủng hộ cửa hàng tiếp,1,1,1,0,0,0,0,0,0,0,0,0,0
103,xài tạm được,1,0,0,0,0,0,0,0,0,0,0,0,0
104,sản phẩm giống mô tả và tốt hơn mong đợi chất lượng sản phẩm xuất sắc đóng gói hàng rất kỹ và chắc chắn cửa hàng phục vụ cực kỳ nhiệt tình chuột đẹp rất chuẩn chuột rất nhạy và êm,1,1,0,1,0,0,0,1,0,0,0,0,0
105,sản phẩm giống mô tả và tốt hơn mong đợi chất lượng sản phẩm xuất sắc đóng gói hàng rất kỹ và chắc chắn cửa hàng phục vụ cực kỳ nhiệt tình đang xài thử thấy ok về lâu dài thì chưa biết cứ cho 5star,1,1,1,1,0,0,0,0,0,0,0,0,0
106,hàng đẹp nhân viên giao hàng chu đáo nhiệt tình,0,0,0,1,1,0,0,0,0,0,0,0,0
107,cửa hàng hết hàng nên lấy hàng từ bên ngoài sản phẩm box đã cài gogle mail cũng giao cho khách 3 box x9 được giao không cùng chủng loại khi nhận hàng không được mở gói kiểm tra,1,0,1,0,0,0,0,0,0,0,0,0,0
108,sản phẩm giống mô tả và tốt hơn mong đợi chất lượng sản phẩm xuất sắc đóng gói hàng rất kỹ và chắc chắn cửa hàng phục vụ cực kỳ nhiệt tình rat tốt ung y,1,1,0,1,0,0,0,0,0,0,0,0,0
109,tui mua 1 chuột day cai nap de bo pin thi gay con cho bo pin vào không len đen không xài duoc vui long doi cho tui cai khac,1,0,0,0,0,0,0,0,0,0,0,0,0
110,sản phẩm giống mô tả và tốt hơn mong đợi chất lượng sản phẩm xuất sắc đóng gói hàng rất kỹ và chắc chắn chất lượng tốt giá rẻ nên mua,1,1,1,0,0,0,0,0,0,0,0,0,0
111,cửa hàng giao sai màu so với đơn cửa hàng cần lưu ý chuyện đó nhưng cách giải quyết của cửa hàng cũng ổn hài lòng về hậu mãi,0,0,1,1,0,0,0,0,0,0,0,0,0
112,chất lượng sản phẩm khá tốt giao hàng quá lâu tận 10 ngày mới nhận được,1,0,1,0,0,0,0,0,0,0,0,0,0
113,đóng gói hàng cẩn thận cửa hàng phục vụ chấp nhận được,0,1,1,0,0,0,0,0,0,0,0,0,0
114,chất lượng cũng ổn,1,0,0,0,0,0,0,0,0,0,0,0,0
115,chất lượng tuyệt vời tiếc thay thiếu nút on of để giữ pin được lâu hơn,1,0,0,0,0,0,0,0,0,1,0,0,0
116,giao chuột hư có dấu hiệu bị va đập rất bùn khi cố gắng kết nối thay pin mới nhưng không sử dụng được,1,0,1,0,0,0,0,0,0,0,0,1,0
117,chuột không nhận không xài được rất tệ,1,0,0,0,0,0,0,0,0,0,0,1,0
118,chất lượng sản phẩm rất tệ mình có mua chuột không dây máy tính nasun sang nay nhận được hàng nhưng hỏng chuột giữ vô dụng thử nhiểu máy vẫn không được đổi mình con khác hoặc trả lại tiền giúp mình mình có gọi vào số 0969280404 nhiều lần nhưng không nghe và còn tắt máy gt lt,1,0,0,0,0,0,0,0,0,0,1,0,0
119,ban co195 000 ma thu tien 200 000 nhan vien tham tien qua,0,0,1,0,0,0,0,0,0,0,0,0,0
120,giao hàng nhanh sản phẩm đúng hình ảnh còn chất lượng thì phải qua sử dụng cho cửa hàng 5star,1,0,1,0,0,0,0,0,0,0,0,0,0
121,đóng gói hàng rất kỹ và chắc chắn nhanh giao hàng,0,1,1,0,0,0,0,0,0,0,0,0,0
122,mới mua 3 ngày đã hư rồi bảo hành sao đây,1,0,0,0,0,0,0,0,0,0,0,0,0
123,chuột gì mới mua mà hư rồi,1,0,0,0,0,0,0,0,0,0,0,0,0
124,n c,0,0,0,0,0,0,0,0,0,0,0,0,0
125,đóng gói hàng rất kỹ và chắc chắn nhìn chung oke,1,1,0,0,0,0,0,0,0,0,0,0,0
126,hàng chạy nhanh mượt cửa hàng phục vụ nhiệt tình sẽ ủng hộ cửa hàng những lần sau,1,0,0,1,0,0,0,0,0,0,0,0,0
127,được,1,0,0,0,0,0,0,0,0,0,0,0,0
128,mong cửa hàng làm ăn cẩn thận hơn người ta thấy hiệu asus mới đặt mua đàng này gởi chuột del,0,0,1,0,0,0,0,0,0,0,0,0,0
129,sản phẩm gần giống mô tả,0,0,1,0,0,0,0,0,0,0,0,0,0
130,sản phẩm chất lượng tốt,1,0,0,0,0,0,0,0,0,0,0,0,0
131,sản phẩm giống mô tả và tốt hơn mong đợi đóng gói hàng rất kỹ và chắc chắn chất lượng sản phẩm xuất sắc,1,1,1,0,0,0,0,0,0,0,0,0,0
132,giao hàng nhanh chuột xài tốt,1,0,1,0,0,0,0,0,0,0,0,0,0
133,hài lòng,1,0,0,0,0,0,0,0,0,0,0,0,0
134,chất lượng thấy có vẻ ổn nhưng cái usb gắn không đúng chỗ đi bỏ vào lỗ pin nghe tưởng bị bể cái gì lỗ đựng 2 cục pin 2 a trong hộp trống rỗng không biết chuột có kèm pin ko nếu không có thì có lỗ pin làm gì nhỉ,1,0,0,0,1,0,0,0,1,0,0,0,0
135,cửa hàng phục vụ cực kỳ nhiệt tình 0,0,0,0,1,0,0,0,0,0,0,0,0,0
136,sản phẩm ưng ý lắm ạ đẹp nhìn mê luôn,1,0,0,0,0,0,0,0,0,0,0,0,0
137,đóng gói hàng rất kỹ và chắc chắn hi vọng chất lượng tốt như quả ng cáo,1,1,0,0,0,0,0,0,0,0,0,0,0
138,tot,1,0,0,0,0,0,0,0,0,0,0,0,0
139,không hổ trợ cho smart tivi pin bị rỉ một cục hàng thì đẹp ok,1,0,0,0,1,0,0,0,0,0,0,0,0
140,sản phẩm ok dúng như mô tả mỗi tội không kèm theo đôi pin cùng với sản phẩn phải mất 2km mới đi mua được đôi pin vừa với nó,1,0,0,0,0,0,1,0,1,0,0,0,0
141,sản phẩm hoàn toàn khác mô tả khác màu không có pin như cửa hàng quả ng cáo kegm pin,0,0,1,0,0,0,1,0,0,0,0,0,0
142,mặc dù chuột rất nhẹ hầu như tiếng kêu không đáng kể nhưng dùng lại không được chuẩn lắm phải dùng lực tay hơi mạnh nên với những người dùng chuột thường xuyên như mình là không thích hợp,0,0,0,0,1,0,0,0,0,0,0,0,0
143,đóng gói hàng rất kỹ và chắc chắn cửa hàng phục vụ cực kỳ nhiệt tình xài cũng được,0,1,0,1,0,0,0,0,0,0,0,0,0
144,nhẹ hơn mình tưởng nhưng đúng như cửa hàng giới thiệu đẹp hơn hình,0,0,0,0,1,0,0,0,0,0,0,0,0
145,chất lượng sản phẩm tương đối tốt không có pin kèm theo,1,0,0,0,0,0,1,0,1,0,0,0,0
146,cửa hàng làm ăn thiếu trách nhiệm giao hàng không đủ cho khách nhắn tin không thèm trả lời lần đầu tiên mua hàng từ lazada cửa hàng e và sendo gặp phải trường hợp cửa hàng này mọi người tốt nhất nên tránh xa đừng ai mua nếu thiếu hàng nhắn tin xin lỗi 1 câu e cũng chẳng sao đây không thèm ngỏ nghê gì cửa hàng chỉ cần bán 1 lần không cần bán lần 2 đừng ai mua của cửa hàng này,0,0,1,1,0,0,0,0,0,0,0,0,0
147,tốt,1,0,0,0,0,0,0,0,0,0,0,0,0
148,cũng ok lắm,1,0,0,0,0,0,0,0,0,0,0,0,0
149,hàng đóng gói cẩn thận,0,1,0,0,0,0,0,0,0,0,0,0,0
150,sản phẩm giống mô tả và tốt hơn mong đợi hang tốt ok,1,0,1,0,0,0,0,0,0,0,0,0,0
151,hàng mới nguyên seal tem của np digiworld mình cũng check thử serial trên trang logitech hàng chính hãng sản phẩm cầm trong tay thích lắm ạ 5star cho uy tin của cửa hàng va san pham hàng chính hãng mới 100 3star cho sendo vì minh không su dung đươc gói chuyển phát nhanh không biet tại sao proces từ lúc đặt hàng đến lúc nhận hang 4 ngay,1,0,1,0,0,0,0,0,0,0,0,0,0
152,chất lượng sản phẩm xuất sắc ok,1,0,0,0,0,0,0,0,0,0,0,0,0
153,tốt hơn mong đợi,1,0,0,0,0,0,0,0,0,0,0,0,0
154,rất ok,1,0,0,0,0,0,0,0,0,0,0,0,0
155,sản phẩm giống mô tả và tốt hơn mong đợi chất lượng sản phẩm xuất sắc,1,0,1,0,0,0,0,0,0,0,0,0,0
156,đóng gói hàng rất kỹ và chắc chắn chuột xài ổn mà không có pin kèm theo phải mất công ra tiệm mua 2 cục pin 3a,0,1,0,0,0,0,1,0,1,0,0,0,0
157,đóng gói hàng rất kỹ và chắc chắn sản phẩm ok gt đúng như mô tả,1,1,0,0,0,0,0,0,0,0,0,0,0
158,sản phẩm hoàn toàn khác mô tả ghi là diều khiễn bằng giọng nói co xai dược dâu dồ lường gạt mua mắc hon cung loại ma không xài dược chức năng giọng noi lừa dảo,1,0,0,0,0,0,0,0,0,0,0,0,0
159,sản phẩm giống mô tả và tốt hơn mong đợi chất lượng sản phẩm xuất sắc đóng gói hàng rất kỹ và chắc chắn cửa hàng phục vụ cực kỳ nhiệt tình rất hay,1,1,0,1,0,0,0,0,0,0,0,0,0
160,sản phẩm giống mô tả và tốt hơn mong đợi test ok không biết dùng lâu thì sao,1,0,0,0,0,0,0,0,0,0,0,0,0
161,hàng chính hãng,1,0,0,0,0,0,0,0,0,0,0,0,0
162,hang ok nhung co ve thieu pin a kem theo,1,0,0,0,0,0,1,0,1,0,0,0,0
163,tot,1,0,0,0,0,0,0,0,0,0,0,0,0
164,ok giao hàng nhanh,1,0,1,0,0,0,0,0,0,0,0,0,0
165,sản phẩm ok,1,0,0,0,0,0,0,0,0,0,0,0,0
166,lừa nhau ag mà chính sách trả hàng của sendo thế nào đó nhỉ,1,0,0,0,0,0,0,0,0,0,0,0,0
167,sản phẩm giống mô tả và tốt hơn mong đợi tot,1,0,0,0,0,0,0,0,0,0,0,0,0
168,chất lượng sản phẩm xuất sắc duyệt xài ngon đẹp ok tốt,1,0,0,0,1,0,0,0,0,0,0,0,0
169,chất lượng sản phẩm xuất sắc,1,0,0,0,0,0,0,0,0,0,0,0,0
170,đóng gói hàng cẩn thận chắc chắn sản phẩm đẹp tốt đúng với mô tả đóng gói cẩn thận khuyến mại thêm miếng di chuột,0,1,0,0,1,0,0,0,1,0,0,0,0
171,đưa hình ảnh là sản phẩm của del nhưng giao asus không chọn màu đen lại giao đỏ đã vậy không cho xem hàng trước chưa uy tín,0,0,1,0,0,0,0,0,0,0,0,0,0
172,sản phẩm tương đối giống mô tả,1,0,0,0,0,0,0,0,0,0,0,0,0
173,chất lượng sản phẩm xuất sắc tốt,1,0,0,0,0,0,0,0,0,0,0,0,0
174,đặt con màu xanh s giao con màu đen v,0,0,1,0,0,0,0,0,0,0,0,0,0
175,san pham tốt giao hang nhanh ok,0,0,1,0,0,0,0,0,0,0,0,0,0
176,sản phẩm giống mô tả đóng gói hàng cẩn thận chắc chắn chuột nhạy nhẹ độ bền thì phải xài 1 thời gian mới biết,1,1,0,0,1,0,0,1,0,0,0,0,0
177,chất lượng sản phẩm rất tệ xài được 1 tuần thì con lăn bị hư lăn hết được,1,0,0,0,0,0,0,0,0,0,1,0,0
178,chuột không lên được đèn,1,0,0,0,0,0,0,0,0,0,0,0,0
179,sản phẩm giống mô tả và tốt hơn mong đợi chất lượng sản phẩm xuất sắc đóng gói hàng rất kỹ và chắc chắn cửa hàng phục vụ cực kỳ nhiệt tình đừng thời gian,1,1,1,1,0,0,0,0,0,0,0,0,0
180,dự là bị mèo bắt trượt nên trầy sước hết cả dùng oke,1,0,0,0,0,0,0,0,0,0,0,0,0
181,giao hàng không đúng sản phẩm chất lượng tệ,1,0,1,0,0,0,0,0,0,0,0,0,0
182,sản phẩm giống mô tả và tốt hơn mong đợi chất lượng sản phẩm xuất sắc đóng gói hàng rất kỹ và chắc chắn cửa hàng phục vụ cực kỳ nhiệt tình tốt,1,1,0,1,0,0,0,0,0,0,0,0,0
183,sản phẩm giống mô tả và tốt hơn mong đợi chất lượng sản phẩm xuất sắc đóng gói hàng rất kỹ và chắc chắn,1,1,0,0,0,0,0,0,0,0,0,0,0
184,phù hợp với giá tiền,0,0,0,0,0,1,0,0,0,0,0,0,0
185,tốt trong tầm giá chuột mini thich hợp it dùng vì hơi nhỏ lọt trong lòng bàn tay,0,0,0,0,1,1,0,0,0,0,0,0,0
186,sản phẩm giống mô tả và tốt hơn mong đợi sản phẩm y hình chất luọng tốt,1,0,0,0,0,0,0,0,0,0,0,0,0
187,đặt chuột q5 màu hồng giao q6 màu đen chỉ sử dụng được trên nền trắng hoặc đen,0,0,1,0,0,0,0,0,0,0,0,0,0
188,sản phẩm đúng như hình chất lượng thì phải dùng mới biết,1,0,0,0,0,0,0,0,0,0,0,0,0
189,sản phẩm rất tốt,1,0,0,0,0,0,0,0,0,0,0,0,0
190,rất tuyệt có nút tắt mở đèn màu xanh dương rất đẹp,1,0,0,0,1,0,0,0,0,1,0,0,0
191,sản phẩm giống mô tả và tốt hơn mong đợi chất lượng sản phẩm xuất sắc đóng gói hàng rất kỹ và chắc chắn cửa hàng phục vụ cực kỳ nhiệt tình rất tốt giá lại rẻ,1,1,0,1,0,1,0,0,0,0,0,0,0
192,sản phẩm hơi khác mô tả,1,0,0,0,0,0,0,0,0,0,0,0,0
193,hàng chính hãng giá rẻ,1,0,0,0,0,1,0,0,0,0,0,0,0
194,đóng gói hàng rất kỹ và chắc chắn chưa mượt lắm dùng tạm được,0,1,0,0,0,0,0,1,0,0,0,0,0
195,giao không dung hang,0,0,1,0,0,0,0,0,0,0,0,0,0
196,không học được lệnh remote tivi panasonic,1,0,0,0,0,0,0,0,0,0,0,0,0
197,thái độ phục vụ của cửa hàng không nhiệt tình,0,0,0,1,0,0,0,0,0,0,0,0,0
198,chuột rất nhạy nút bấm nhẹ,0,0,0,0,0,0,0,1,0,0,0,0,0
199,chuot chạy rất mượt,0,0,0,0,0,0,0,1,0,0,0,0,0
200,chuột thì ok nhưng pin kèm theo xài không được chuột xài pin 2a mà đưa pin 3a,1,0,1,0,0,0,1,0,0,0,0,0,0
201,sản phẩm giống mô tả và tốt hơn mong đợi chất lượng sản phẩm xuất sắc đóng gói hàng rất kỹ và chắc chắn cửa hàng phục vụ cực kỳ nhiệt tình hàng xài ok rất nhạy,1,1,0,1,0,0,0,0,0,0,0,0,0
202,sản phẩm giống mô tả và tốt hơn mong đợi chất lượng sản phẩm xuất sắc đóng gói hàng rất kỹ và chắc chắn cửa hàng phục vụ cực kỳ nhiệt tình sản phẩm tốt,1,1,0,0,0,0,0,0,0,0,0,0,0
203,sản phẩm giống mô tả và tốt hơn mong đợi thời gian giao hàng nhanh,1,0,1,0,0,0,0,0,0,0,0,0,0
204,chuot chay đơ,1,0,0,0,0,0,0,0,0,0,0,0,0
205,đúng như hình,0,0,1,0,0,0,0,0,0,0,0,0,0
206,đúng với hình sản phẩm cửa hàng nên để thêm thông tin như sạc bao lâu và dùng được bao lâu để đỡ tốn công tìm gogle,1,0,1,1,0,0,0,0,0,0,0,0,0
207,sản phẩm giống mô tả và tốt hơn mong đợi cửa hàng phục vụ cực kỳ nhiệt tình,1,0,0,1,0,0,0,0,0,0,0,0,0
208,sản phẩm tốt nên mua,1,0,0,0,0,0,0,0,0,0,0,0,0
209,tạm dùng được chỉ ưng anh nhân viên giao hàng thôi,1,0,1,0,0,0,0,0,0,0,0,0,0
210,sản phẩm giống mô tả,1,0,0,0,0,0,0,0,0,0,0,0,0
211,chất lượng sản phẩm xuất sắc sản phẩm tốt,1,0,0,0,0,0,0,0,0,0,0,0,0
212,sản phẩm giống mô tả và tốt hơn mong đợi chất lượng sản phẩm xuất sắc sory cửa hàng minh tim duoc but cam ung roi san pham sai rat tot rat tien loi,1,0,0,0,0,0,0,0,0,0,0,0,0
213,mình có đặt hàng nhưng mà đến giờ vẫn chưa thấy hàng đâu cả bảo là giao hàng vào ngày 25 26 12 2018 nhưng chả thấy nhân viên giao hàng nào gọi điện gì cả,0,0,1,0,0,0,0,0,0,0,0,0,0
214,sản phẩm tốt hon mong doi giao hang nhanh,1,0,1,0,0,0,0,0,0,0,0,0,0
215,chuột dùng tốt,1,0,0,0,0,0,0,0,0,0,0,0,0
216,sản phẩm mới dùng ok còn bền hay không phải dùng một thời gian mới biết,1,0,0,0,0,0,0,0,0,0,0,0,0
217,thấy tạm ổn,1,0,0,0,0,0,0,0,0,0,0,0,0
218,chất lượng sản phẩm khá tốt,1,0,0,0,0,0,0,0,0,0,0,0,0
219,sản phẩm giống mô tả và tốt hơn mong đợi ok that tốt,1,0,0,0,0,0,0,0,0,0,0,0,0
220,chất lượng ok nhưng tôi đặt hàng màu bạc thì lại giao màu vàng giao hàng nhanh chóng trong ngày,1,0,1,0,0,0,0,0,0,0,0,0,0
221,đóng gói hàng không cẩn thận chất lượng rất tệ xài mấy bữa đã hư,1,1,0,0,0,0,0,0,0,0,0,0,0
222,sản phẩm giống mô tả và tốt hơn mong đợi chất lượng sản phẩm xuất sắc đóng gói hàng rất kỹ và chắc chắn cửa hàng phục vụ cực kỳ nhiệt tình san pham đẹp ok sản phẩm giống mô tả tốt hơn mong đợi,1,1,0,1,0,0,0,0,0,0,0,0,0
223,sản phẩm tốt nhân viên giao hàng nhanh và thân thiện,1,0,1,0,0,0,0,0,0,0,0,0,0
224,đóng gói hàng cẩn thận chắc chắn sản phẩm giống như hình tuy nhiên nút nguồn hơi nhỏ cảm ơn cửa hàng,1,1,0,0,0,0,0,0,0,1,0,0,0
225,sản phẩm hoàn toàn khác mô tả đây là ảnh thực tế mong cửa hàng làm ăn có tâm chút,1,0,0,0,0,0,0,0,0,0,0,0,0
226,sản phẩm giống mô tả và tốt hơn mong đợi hàng tốt rẻ nhẹ mới xài thấy ok,1,0,0,0,0,1,0,0,0,0,0,0,0
227,sản phẩm giống mô tả và tốt hơn mong đợi đóng gói hàng rất kỹ và chắc chắn,1,1,0,0,0,0,0,0,0,0,0,0,0
228,sản phẩm không có pin,0,0,0,0,0,0,1,0,1,0,0,0,0
229,cám ơn cửa hàng chúc cửa hàng ngày càng thịnh vượng nhé,0,0,0,0,0,0,0,0,0,0,0,0,0
230,sản phẩm giống mô tả và tốt hơn mong đợi chất lượng sản phẩm xuất sắc đóng gói hàng rất kỹ và chắc chắn sản phẩm quá tốt,1,1,0,0,0,0,0,0,0,0,0,0,0
231,giao hàng đúng yêu cầu,0,0,1,0,0,0,0,0,0,0,0,0,0
232,để màu trắng giao hàng màu đen trầy xước không thèm xài vứt xó luôn,0,0,1,0,0,0,0,0,0,0,0,0,0
233,không được mới,1,0,0,0,0,0,0,0,0,0,0,0,0
234,đóng gói hàng rất kỹ và chắc chắn đóng gói hàng kỹ,0,1,0,0,0,0,0,0,0,0,0,0,0
235,phải dùng 2 quả pin đũa hơi mỏng manh dùng được tiền nào của đấy,1,0,0,0,1,1,0,0,0,0,0,0,0
236,sản phẩm giống mô tả đóng gói hàng cẩn thận chắc chắn hàng tôt giao hang nhank,1,1,1,0,0,0,0,0,0,0,0,0,0
237,đưa chuột mà không đưa cái nút nhỏ gắn vào máy tính lấy gì điều khiển quá ẩu tả,0,0,1,0,0,0,0,0,0,0,0,0,0
238,sản phẩm giống mô tả đóng gói hàng cẩn thận chắc chắn cửa hàng phục vụ khá tốt không có nút of khi nào không xài thì gỡ bin ra hài vl,1,1,0,0,0,0,0,0,0,1,0,0,0
239,khó kết nối,0,0,0,0,0,0,0,0,0,0,0,1,0
240,được mua màu đỏ lại giao màu đen,0,0,1,0,0,0,0,0,0,0,0,0,0
241,tuyệt vời,1,0,0,0,0,0,0,0,0,0,0,0,0
242,chất lượng sản phẩm xuất sắc đóng gói hàng rất kỹ và chắc chắn hang đẹp ben nut bam nhay rat thích x ne,1,1,0,0,0,0,0,1,0,0,0,0,0
243,rất tốt,1,0,0,0,0,0,0,0,0,0,0,0,0
244,sản phẩm tương đối giống mô tả chất lượng sản phẩm tương đối tốt đóng gói hàng cẩn thận cửa hàng phục vụ chấp nhận được,1,1,0,0,0,0,0,0,0,0,0,0,0
245,sản phầm dùng 1 tuần đã hỏng chuột trái,1,0,0,0,0,0,0,0,0,0,0,0,0
246,tất cả đều tốt i sendo,1,0,0,0,0,0,0,0,0,0,0,0,0
247,nhìn bề ngoài thì ok đấy chưa biết sẽ dụng lâu như nào,0,0,0,0,1,0,0,0,0,0,0,0,0
248,đóng gói hàng cẩn thận chắc chắn oke,0,1,0,0,0,0,0,0,0,0,0,0,0
249,sản phẩm giống mô tả và tốt hơn mong đợi chất lượng sản phẩm xuất sắc đóng gói hàng rất kỹ và chắc chắn cửa hàng phục vụ cực kỳ nhiệt tình tốt nên mua,1,1,0,1,0,0,0,0,0,0,0,0,0
250,sản phẩm giống mô tả và tốt hơn mong đợi đóng gói hàng rất kỹ và chắc chắn khá tiện chuột style gaming không dây đỡ vướng không cần thay pin chỉ cần sạc như điện thoại thôi,1,1,0,0,0,0,1,0,0,0,0,0,0
251,giá không rẽ lắm nhưng dùng cung tam được,1,0,0,0,0,1,0,0,0,0,0,0,0
252,sản phẩm giống mô tả và tốt hơn mong đợi chất lượng sản phẩm xuất sắc đóng gói hàng rất kỹ và chắc chắn cửa hàng phục vụ cực kỳ nhiệt tình tốt lắm cám ơn cửa hàng,1,1,0,1,0,0,0,0,0,0,0,0,0
253,giao hàng không giống mẫu,0,0,1,0,0,0,0,0,0,0,0,0,0
254,sản phẩm giống mô tả và tốt hơn mong đợi giao hàng nhanh sử dụng tốt dùng được nhiều thiết bị khác nhau chưa biết có bền hay k,1,0,1,0,0,0,0,0,0,0,0,0,0
255,ok,1,0,0,0,0,0,0,0,0,0,0,0,0
256,ok can hat huy hon nua dich vu,1,0,0,1,0,0,0,0,0,0,0,0,0
257,sản phẩm không giống như mô tả khe cắm thì không vừa với chuột chuột không dây mà có đèn đỏ phía dưới luôn nói chung là rất tệ,1,0,0,0,1,0,0,0,0,0,0,0,0
258,tôi chưa nhận được hàng sao đã báo nhận được hàng,0,0,1,0,0,0,0,0,0,0,0,0,0
259,sản phẩm giống mô tả và tốt hơn mong đợi chất lượng sản phẩm xuất sắc đóng gói hàng rất kỹ và chắc chắn cửa hàng phục vụ cực kỳ nhiệt tình giao hang nhanh rat dang tien chi co cai lhac mau thoi,1,1,0,1,0,0,0,0,0,0,0,0,0
260,bấm 2 ngày đã double click,1,0,0,0,0,0,0,0,0,0,0,0,0
261,tốt voi tam gia,1,0,0,0,0,1,0,0,0,0,0,0,0
262,nhà vận chuyển đóng gói hàng cẩn thận giao hàng nhanh nhưng bao bì chứa chuột không còn niêm phong của hãng logitech chuột đã bị bóc ra và được dán lại bằng băng dính tôi có chụp ảnh gửi kèm nhận xét này chất lượng chuột chưa dùng nên chưa đánh giá,1,1,0,0,0,0,0,0,0,0,0,0,0
263,sản phẩm giống mô tả và tốt hơn mong đợi sản phẩm đúng logitech chất lượng,1,0,0,0,0,0,0,0,0,0,0,0,0
264,cửa hàng phục vụ khá tốt,0,0,0,1,0,0,0,0,0,0,0,0,0
265,sản phẩm giống mô tả,1,0,0,0,0,0,0,0,0,0,0,0,0
266,sản phẩm giống mô tả và tốt hơn mong đợi đóng gói hàng rất kỹ và chắc chắn cửa hàng phục vụ cực kỳ nhiệt tình tốt ok,1,1,0,1,0,0,0,0,0,0,0,0,0
267,đóng gói hàng rất kỹ và chắc chắn cho pin vào mà o lên điện cửa hàng ơi muốn đổi làm thế nào,1,0,0,0,0,0,1,0,0,0,0,0,0
268,chuột nhạy nhưng bắt xa tầm 5m trở đi là cà giựt,0,0,0,0,0,0,0,1,0,0,0,0,0
269,ok tốt km800v,1,0,0,0,0,0,0,0,0,0,0,0,0
270,hàng đúng như mô tả,1,0,0,0,0,0,0,0,0,0,0,0,0
271,đăt 3 cai giao 2 con thiêu chưa thây giao,0,0,1,0,0,0,0,0,0,0,0,0,0
272,sản phẩm giống mô tả và tốt hơn mong đợi ok bề ngoài nhìn được chưa thử vì không kèm pin tạm cho 5 star,1,0,0,0,1,0,1,0,0,0,0,0,0
273,chất lượng sản phẩm xuất sắc đóng gói còn sơ sài chất lượng sản phẩm tốt thời gian giao hàng nhanh,1,1,1,0,0,0,1,0,0,0,0,0,0
274,đóng gói hàng cẩn thận ok,1,1,0,0,0,0,0,0,0,0,0,0,0
275,chuột chạy dặt dẹo tính mua cái khác,1,0,0,0,0,0,0,0,0,0,0,0,0
276,sản phẩm giống mô tả và tốt hơn mong đợi đóng gói hàng rất kỹ và chắc chắn tốt,1,1,0,0,0,0,0,0,0,0,0,0,0
277,hợp lý với tiền,0,0,0,0,0,1,0,0,0,0,0,0,0
278,đóng gói kỹ chuột hơi nặng vì dùng pin a chuột không giống hình,0,1,1,0,0,0,0,0,0,0,0,0,0
279,sản phẩm giống mô tả và tốt hơn mong đợi đóng gói hàng rất kỹ và chắc chắn người giao hàng niềm nở vui vẻ check mở hộp thì có vài cục muốt chống sốc hàng thì như hình chưa biết sử dụng ra sao nhưng cho quả 5star coi như ủng hộ vậy,0,1,0,1,0,0,0,0,0,0,0,0,0
280,sản phẩm giống mô tả chất lượng sản phẩm khá tốt,1,0,0,0,0,0,0,0,0,0,0,0,0
281,tốt với giá cả,1,0,0,0,0,1,0,0,0,0,0,0,0
282,cửa hàng phục vụ cực kỳ nhiệt tình tốt,0,0,0,1,0,0,0,0,0,0,0,0,0
283,san phan dung nhu mo ta,1,0,0,0,0,0,0,0,0,0,0,0,0
284,sản phẩm tốt vượt mong đợi ok,1,0,0,0,0,0,0,0,0,0,0,0,0
285,chất lượng sản phẩm xuất sắc rất tốt,1,0,0,0,0,0,0,0,0,0,0,0,0
286,sản phẩm được nhưng cửa hàng làm ăn mất uy tín thà sản phẩm không có pin từ đầu không sao nhưng theo được biết sản phẩm có pin đi kèm cửa hàng đã lấy bán riêng vì 1 tý lợi nhuận,1,0,0,0,0,0,1,0,0,0,0,0,0
287,sản phẩm giống mô tả và tốt hơn mong đợi nv tận tình vui tính,1,0,0,0,0,0,0,0,0,0,0,0,0
288,mẹ nó,0,0,0,0,0,0,0,0,0,0,0,0,0
289,sản phẩm giống mô tả đóng gói hàng cẩn thận chắc chắn,1,1,0,0,0,0,0,0,0,0,0,0,0
290,sản phẩm giống mô tả và tốt hơn mong đợi tốt,1,0,0,0,0,0,0,0,0,0,0,0,0
291,ko sử dụng được,1,0,0,0,0,0,0,0,0,0,0,0,0
292,đóng gói hàng cẩn thận chắc chắn sản phẩm dùng được phím hơi cứng hơn chuột logitech chút nhưng chắc dùng 1 thời gian sẽ quen so với giá thi như vậy là tốt chỉ chưa biết độ bền ntn,1,1,0,0,0,1,0,1,0,0,0,0,0
293,giá thành hợp lý chất lượng ok,1,0,0,0,0,1,0,0,0,0,0,0,0
294,sản phẩm giống mô tả đóng gói kỹ cơ mà lúc mình nhận thì không kèm pin có dấu hiệu hộp đựng bị mở và lấy pin ra trước rồi còn lại mới dùng thấy cũng ok,1,1,0,0,0,0,1,0,0,0,1,0,0
295,chuột chỉ click trái phải scrol up down được chứ không di chuyển được có thể mắt quang bị hỏng không có đèn sáng ở dưới đề nghị cửa hàng đổi trả lại chuột mới hàng hoá vẫn còn nguyên bao bì chưa sử dụng được gì cả do lỗi,0,0,0,0,0,0,0,1,0,0,1,0,0
296,sản phẩm có vẻ không giống mẫu cho lắm,0,0,1,0,0,0,0,0,0,0,0,0,0
297,sản phẩm giống mô tả và tốt hơn mong đợi ưng ý voi ao giá mềm,1,0,1,0,0,1,0,0,0,0,0,0,0
298,sản phẩm giống hình con trỏ chuột không chắc chắn,0,0,1,0,1,0,0,0,0,0,0,0,0
299,hàng rẻ dùng tốt,1,0,0,0,0,1,0,0,0,0,0,0,0
300,hang tốt dung nhu quang cao,1,0,0,0,0,0,0,0,0,0,0,0,0
301,thiếu sót,0,0,0,0,0,0,0,0,0,0,0,0,0
302,đặt mầu đen đưa mầu trắng,0,0,1,0,0,0,0,0,0,0,0,0,0
303,sản phẩm giống mô tả và tốt hơn mong đợi chất lượng sản phẩm xuất sắc đóng gói hàng rất kỹ và chắc chắn cửa hàng phục vụ cực kỳ nhiệt tình oke,1,1,0,1,0,0,0,0,0,0,0,0,0
304,chất lượng sản phẩm xuất sắc đóng gói hàng rất kỹ và chắc chắn,1,1,0,0,0,0,0,0,0,0,0,0,0
305,chuot trầy xước,1,0,0,0,0,0,0,0,0,0,0,0,0
306,đóng gói hàng cẩn thận chắc chắn cửa hàng phục vụ khá tốt,0,1,0,1,0,0,0,0,0,0,0,0,0
307,đóng gói hàng rất kỹ và chắc chắn sản phẩm mới đúng như mô tả,1,1,0,0,0,0,0,0,0,0,0,0,0
308,dùng nhạy mượt bánh xe hơi lỏng lẻo phát ra tiếng lạch cạch là loại tiết kiệm điện nên đèn dò sáng yếu dùng sóng rf thì thỉnh thoảng lác còn dùng bluthot thì được xíu là lác không xài được tóm lại là chất lượng hoàn thiện trung bình dùng tạm nếu không dùng bluthot thì mình khuyên mọi người nên mua logitech m22chêch lệch theo mình đánh giá giữa hai con là 6 10 mọi người cân nhác nhé,1,0,0,0,0,0,0,0,0,0,1,1,0
309,hàng tốt dùng rất ok,1,0,0,0,0,0,0,0,0,0,0,0,0
310,đóng gói hàng chưa chắc chắn thái độ phục vụ của cửa hàng không nhiệt tình,0,1,0,1,0,0,0,0,0,0,0,0,0
311,sản phẩm giống mô tả và tốt hơn mong đợi chất lượng sản phẩm xuất sắc đóng gói hàng rất kỹ và chắc chắn cửa hàng phục vụ cực kỳ nhiệt tình hoi kho su dung su dung không duoc nhug cho cửa hàng 5star ung ho,1,1,0,1,1,0,0,0,0,0,0,0,0
312,đóng gói hàng rất kỹ và chắc chắn cửa hàng phục vụ cực kỳ nhiệt tình ok,0,1,0,1,0,0,0,0,0,0,0,0,0
313,tam duoc,1,0,0,0,0,0,0,0,0,0,0,0,0
314,đóng gói hàng rất kỹ và chắc chắn cửa hàng phục vụ cực kỳ nhiệt tình,0,1,0,1,0,0,0,0,0,0,0,0,0
315,sản phẩm giống mô tả và tốt hơn mong đợi chất lượng sản phẩm xuất sắc đóng gói hàng rất kỹ và chắc chắn cửa hàng phục vụ cực kỳ nhiệt tình sản phẩm tốt chất lượng rất đáng tiền nên phát huy những sản phẩm tốt uy tín và chất luọng giá phù hợp túi tiền đúng là tiền nào của đấy ham rẻ kém chất lượng thì phí đồng tiền cửa hàng nên cân nhắc tìm những sản phẩm tốt như vậy để kinh doanh thì sẽ có nhiều khách hàng ủng hộ dù hàng chất có đắt nhưng bỏ tiền mua vẫn xúng đáng hài lòng sản phẩm đã mua chúc cửa hàng đắt khách hàng sẽ ủng hộ thêm sản phẩm khác của cửa hàng các bạn các củng nên xem xét mua và thử mua sản phẩm dùng đi nói chung hàng chuẩn đúng chất đáng tiền tư vấn nhiệt tình và rõ ràng về sản phẩm nếu có 5star thi tui se đánh giá nói chung mua sản phẩm cửa hàng này hài lòng về sản phẩm lẫn dịch vụ cần phát huy rộng đến nhiều khách hàng de họ sử dụng sản phẩm tốt và dịch vụ 5star này xin cám ơn cửa hàng các bạn nên ủng hộ sản phẩm của cửa hàng này thủ,1,1,0,1,0,0,0,0,0,0,0,0,0
316,khuyến cáo không nên mua hàng đã qua dùng rồi số serial không trùng khớp trên hộp và sản phẩm,1,0,0,0,0,0,0,0,0,0,0,0,0
317,cảm ơn cửa hàng nhìu nhé hàng như hình cảm thấy thích hơn rồi bóng thật nhưng bám vân tay nhiều vệ sinh lại không bóng có học lệnh của tv đời cũ và đầu thu chảo không được z cửa hàng nói tóm lại là mình thích,1,0,0,0,1,0,0,0,0,0,0,0,0
318,tot tier kiem pin,1,0,0,0,0,0,1,0,0,0,0,0,0
319,sản phẩm giống mô tat,1,0,0,0,0,0,0,0,0,0,0,0,0
320,chất lượng sản phẩm không tốt,1,0,0,0,0,0,0,0,0,0,0,0,0
321,hàng ok đẹp đóng gói cần thận,1,1,0,0,0,0,0,0,0,0,0,0,0
322,chuột gắn vào tivi xài ok,1,0,0,0,0,0,0,0,0,0,0,0,0
323,chất lượng sản phẩm xuất sắc chuột xài rất ok đáng mua,1,0,0,0,0,0,0,0,0,0,0,0,0
324,sản phẩm giống mô tả và tốt hơn mong đợi sản phẩm giống như mô tả ok,1,0,0,0,0,0,0,0,0,0,0,0,0
325,dung nhung không dung chuot,0,0,1,0,0,0,0,0,0,0,0,0,0
326,đóng gói hàng rất kỹ và chắc chắn sản phẩm rất ok,1,1,0,0,0,0,0,0,0,0,0,0,0
327,sản phẩm giống mô tả và tốt hơn mong đợi quá tuyệt vời luôn các bạn có thể mua ở cửa hàng này,1,0,0,0,0,0,0,0,0,0,0,0,0
328,ok tot,1,0,0,0,0,0,0,0,0,0,0,0,0
329,sản phẩm giống mô tả đóng gói hàng cẩn thận chắc chắn cửa hàng phục vụ khá tốt,1,1,0,1,0,0,0,0,0,0,0,0,0
330,tạm được,1,0,0,0,0,0,0,0,0,0,0,0,0
331,cửa hàng phục vụ khá tốt ok được,0,0,0,1,0,0,0,0,0,0,0,0,0
332,khá cũ nhưng chất lượng khá ok,1,0,0,0,0,0,0,0,0,0,0,0,0
333,sản phẩm giống mô tả và tốt hơn mong đợi tốt trong tầm giá,1,0,0,0,0,1,0,0,0,0,0,0,0
334,chất lượng sản phẩm xuất sắc cửa hàng phục vụ cực kỳ nhiệt tình đóng gói hàng rất kỹ và chắc chắn sản phẩm tốt hai long 5star,1,1,0,1,0,0,0,0,0,0,0,0,0
335,đóng gói hàng rất kỹ và chắc chắn giao hàng nhanh đóng gói kĩ mới xài chưa biết bền lâu hay không,0,1,1,0,0,0,0,0,0,0,0,0,0
336,sảm phẩm tốt giao hàng nhanh,1,0,1,0,0,0,0,0,0,0,0,0,0
337,chất lượng sản phẩm xuất sắc đóng gói hàng rất kỹ và chắc chắn cửa hàng phục vụ cực kỳ nhiệt tình,1,1,0,1,0,0,0,0,0,0,0,0,0
338,san pham tốt vuot mong doi,1,0,0,0,0,0,0,0,0,0,0,0,0
339,hàng đã qua sử dụng nhưng ok,1,0,0,0,0,0,0,0,0,0,0,0,0
340,sản phẩm giống mô tả và tốt hơn mong đợi dùng tốt cho dân văn phòng người tay nhỏ tích chất di động khá cao về chuột không giây thì hạng logi này mình đã tin dùng bấy lâu,1,0,0,0,0,0,0,0,0,0,0,0,0
341,sản phẩm hoàn toàn khác mô tả chất lượng sản phẩm rất tệ mình nhận được hàng rồi nhưng mình gắn pin vào đèn thì sáng rồi tắt chuột không hoạt động được yêu cầu đổi hàng gắn pin đèn không sáng yêu cầu đổi hàng,1,0,0,0,0,0,0,0,0,0,0,0,0
342,san pham tuong doi tot,1,0,0,0,0,0,0,0,0,0,0,0,0
343,sản phẩm đúng mô tả,1,0,0,0,0,0,0,0,0,0,0,0,0
344,đúng mô tả cám ơn,1,0,0,0,0,0,0,0,0,0,0,0,0
345,hàng quá dở chất lượng kém,1,0,0,0,0,0,0,0,0,0,0,0,0
346,sản phẩm nhìn đẹp tuy nhiên 2 lỗ cắm điện làm đồng mềm quá cắm vào đã lỏng rồi,1,0,0,0,1,0,0,0,0,0,0,0,0
347,tạm thời xài ok không co loi được,1,0,0,0,0,0,0,0,0,0,0,0,0
348,sản phẩm quá khác mô tả,1,0,0,0,0,0,0,0,0,0,0,0,0
349,ok cửa hàng hàng đẹp,1,0,0,0,0,0,0,0,0,0,0,0,0
350,hàng chuẩn chưa biết độ bền thế nào,1,0,0,0,0,0,0,0,0,0,0,0,0
351,hàng nhái kém chất lượng,1,0,0,0,0,0,0,0,0,0,0,0,0
352,chất lượng sản phẩm xuất sắc cửa hàng phục vụ cực kỳ nhiệt tình chột ok nắm sốp đẹp hơn trong hình sử dụng tiện lợi,1,0,0,1,1,0,0,0,0,0,0,0,0
353,dùng tạm được,1,0,0,0,0,0,0,0,0,0,0,0,0
354,ok cửa hàng rất uy tín,0,0,0,1,0,0,0,0,0,0,0,0,0
355,đóng gói chưa được cẩn thận,0,1,0,0,0,0,0,0,0,0,0,0,0
356,sản phẩm giống mô tả và tốt hơn mong đợi chất lượng sản phẩm xuất sắc cửa hàng phục vụ cực kỳ nhiệt tình,1,0,0,1,0,0,0,0,0,0,0,0,0
357,nắp pin vào không lên đèn lắc thì thấy long sòng sọc bên trong hàng dởm mọi người không nên mua định trả nhưng nghĩ có mấy chục tốn công,1,0,0,0,0,0,0,0,0,0,0,0,0
358,chất lượng sản phẩm xuất sắc đóng gói hàng rất kỹ và chắc chắn ok,1,1,0,0,0,0,0,0,0,0,0,0,0
359,sản phẩm giống mô tả và tốt hơn mong đợi chất lượng sản phẩm xuất sắc sản phẩm dùng tốt,1,0,0,0,0,0,0,0,0,0,0,0,0
360,sản phẩm giống mô tả và tốt hơn mong đợi chất lượng sản phẩm xuất sắc đóng gói hàng rất kỹ và chắc chắn cửa hàng phục vụ cực kỳ nhiệt tình hàng chất lượng phù hợp với túi tiền,1,0,0,1,0,1,0,0,0,0,0,0,0
361,đóng gói hàng cẩn thận chắc chắn sản phẩm giống mô tả,1,1,0,0,0,0,0,0,0,0,0,0,0
362,sản phẩm nhỏ gọn đep rất chắc tay lướt khá mượt cám ơn cửa hàng,0,0,0,0,1,0,0,1,0,0,0,0,0
363,hoàn toàn không hài lòng mua màu nào giao màu đó đặt trắng giao đen,0,0,1,0,0,0,0,0,0,0,0,0,0
364,hàng giống mô tả đẹp mà tưởng ở trong có pin luôn chớ ai dè không có cho cửa hàng 5star,1,0,0,0,0,0,1,0,0,0,0,0,0
365,đóng gói hàng cẩn thận chắc chắn,0,1,0,0,0,0,0,0,0,0,0,0,0
366,tốt,1,0,0,0,0,0,0,0,0,0,0,0,0
367,sản phẩm giống mô tả và tốt hơn mong đợi đóng gói hàng rất kỹ và chắc chắn hàng đẹp giá tốt,1,1,0,0,0,0,0,0,0,0,0,0,0
368,chuột bấm rất sướng,1,0,0,0,0,0,0,0,0,0,0,0,0
369,sản phẩm giống mô tả và tốt hơn mong đợi chất lượng sản phẩm xuất sắc đóng gói hàng rất kỹ và chắc chắn cửa hàng phục vụ cực kỳ nhiệt tình,1,1,0,1,0,0,0,0,0,0,0,0,0
370,rất tốt rất đáng tiền cảm ơn cửa hàng,1,0,0,0,0,0,0,0,0,0,0,0,0
371,có chút khác biệt so với hình mô tả của cửa hàng đèn báo sạc khác bánh xe lăn giữa khác các khe ghép gia công hơi ọp ẹp phím bấm hơi nặng với giá tiền tương đương thì chuột truyền thống vd chuột logitech có vẻ êm ái hơn nhìn chung cũng được dùng thử cho biết,1,0,0,0,0,0,0,0,0,0,0,0,0
372,đóng gói hàng rất kỹ và chắc chắn hàng rất tốt có điều cửa hàng bảo tặng pin mà không có nha,0,1,0,0,0,0,1,0,0,0,0,0,0
373,sản phẩm giống mô tả và tốt hơn mong đợi đóng gói hàng rất kỹ và chắc chắn cửa hàng phục vụ cực kỳ nhiệt tình vừa mới nhận sai thử hoạt động tốt chưa biet độ bền chờ coicho 5star thôi,1,0,0,1,0,0,0,0,0,0,0,0,0
374,san phẩm đúng mô tả,1,0,0,0,0,0,0,0,0,0,0,0,0
375,sản phẩm giống mô tả và tốt hơn mong đợi ung ho cửa hàng,1,0,0,0,0,0,0,0,0,0,0,0,0
376,sản phẩm giống mô tả và tốt hơn mong đợi chất lượng sản phẩm xuất sắc đóng gói hàng rất kỹ và chắc chắn sản phẩm tốt,1,1,0,0,0,0,0,0,0,0,0,0,0
377,chuột xài ok lắm nha,1,0,0,0,0,0,0,0,0,0,0,0,0
378,đóng gói hàng rất kỹ và chắc chắn ok dóng gói chuẩn giao hang nhanh,1,1,1,0,0,0,0,0,0,0,0,0,0
379,tốt,1,0,0,0,0,0,0,0,0,0,0,0,0
380,đúng mô tả,1,0,0,0,0,0,0,0,0,0,0,0,0
381,tốt tiếc là không có pin trong chuột,1,0,0,0,0,0,1,0,0,0,0,0,0
382,sản phẩm giống mô tả ok,1,0,0,0,0,0,0,0,0,0,0,0,0
383,sản phẩm y hình chất lượng ok,1,0,0,0,0,0,0,0,0,0,0,0,0
384,đóng gói kỹ hàng ok,0,1,0,0,0,0,0,0,0,0,0,0,0
385,sản phẩm giống mô tả và tốt hơn mong đợi nhìn giống hình hiện tại thì khá êm nhưng về sau thì chưa biết thêm cái là giao lầm màu thôi,1,0,0,0,0,0,0,0,0,0,0,0,0
386,sản phẩm giống mô tả và tốt hơn mong đợi đã nhận hàng và tét thử thấy ok không biết dùng có bền ko,1,0,0,0,0,0,0,0,0,0,0,0,0
387,chất lượng sản phẩm xuất sắc cửa hàng phục vụ cực kỳ nhiệt tình chuột hoạt động tốt,1,0,0,1,0,0,0,0,0,0,0,0,0
388,đặt màu đỏ giao màu đen chưa dùng thử nhg đẹp và rẻ,0,0,1,0,1,1,0,0,0,0,0,0,0
389,sản phẩm giống mô tả và tốt hơn mong đợi ok,1,0,0,0,0,0,0,0,0,0,0,0,0
390,giao hàng nhanh,0,0,1,0,0,0,0,0,0,0,0,0,0
391,hàng sử dụng tốt vừa nhận hàng hôm mùng 8 tết còn chất lượng cần có thời gian để đánh giá sau cám ơn cửa hàng,1,0,0,0,0,0,0,0,0,0,0,0,0
392,đóng gói hàng cẩn thận chắc chắn sản phẩm khá ổn phù hợp với giá tiền,1,1,0,0,0,0,0,0,0,0,0,0,0
393,sản phẩm giống mô tả và tốt hơn mong đợi độ bền thì phải chờ thời gian,1,0,0,0,0,0,0,0,0,0,0,0,0
394,mua về sai không được gì het,1,0,0,0,0,0,0,0,0,0,0,0,0
395,ok dùng được,1,0,0,0,0,0,0,0,0,0,0,0,0
396,sản phẩm đúng mô tả mới sử dụng tốt còn độ bền chưa giám nói,1,0,0,0,0,0,0,0,0,0,0,0,0
397,chuột hỏng phần bật tắt không sử dụng được chất lượng không như quả ng cáo,1,0,0,0,0,0,0,0,0,0,0,0,0
398,giao hàng thiếu chân usb gọi cửa hàng không trả lới sau 1 tuần đã nhận được usb bổ sung vote từ 1star lên 3star chất lượng sản phẩm cần thời gian mới biết,0,0,0,1,0,0,0,0,1,0,0,0,0
399,sản phẩm giống mô tả và tốt hơn mong đợi chất lượng sản phẩm xuất sắc đóng gói hàng rất kỹ và chắc chắn cửa hàng phục vụ cực kỳ nhiệt tình mình đã nhận hàng và dùng rất tốt cửa hàng đóng gói rất cẩn thận cám ơn cửa hàng các bạn nhớ mua cho cửa hàng nhé phục vụ tốt lắm,1,1,0,1,0,0,0,0,0,0,0,0,0
400,sản phẩm tốt,1,0,0,0,0,0,0,0,0,0,0,0,0
401,hàng dùng ok tuy nhiên chuột trái hơi cứng,1,0,0,0,0,0,0,1,0,0,0,0,0
402,nhạy tốt,1,0,0,0,0,0,0,0,0,0,0,0,0
403,sản phẩm giống mô tả và tốt hơn mong đợi ok tốt,1,0,0,0,0,0,0,0,0,0,0,0,0
404,chất lượng sản phẩm xuất sắc đóng gói hàng rất kỹ và chắc chắn cửa hàng phục vụ cực kỳ nhiệt tình nhầm màu,1,1,0,1,0,0,0,0,0,0,0,0,0
405,sản phẩm giống mô tả và tốt hơn mong đợi chất lượng sản phẩm xuất sắc đóng gói hàng rất kỹ và chắc chắn cửa hàng phục vụ cực kỳ nhiệt tình rất tốt,1,1,0,1,0,0,0,0,0,0,0,0,0
406,lâm pin vào không lên đèn cửa hàng vui lòng đổi lại,1,0,0,0,0,0,0,0,0,0,0,0,0
407,chuột không có đầu thu sao mà dùng thất vọng,1,0,0,0,0,0,0,0,0,0,0,0,0
408,hàng tốt chính hãng đúng như mô tả sản phẩm đẹp,1,0,0,0,0,0,0,0,0,0,0,0,0
409,sản phẩm giống mô tả và tốt hơn mong đợi,1,0,0,0,0,0,0,0,0,0,0,0,0
410,giong mô tả dùng ok,1,0,0,0,0,0,0,0,0,0,0,0,0
411,giao hàng thiếu usb kết nối,0,0,1,0,0,0,0,0,1,0,0,0,0
412,tốt không có nút on of,0,0,0,0,0,0,0,0,0,1,0,0,0
413,hàng rất tốt,1,0,0,0,0,0,0,0,0,0,0,0,0
414,sản phẩm ok sử dụng êm cảm thấy vừa ý,1,0,0,0,0,0,0,0,0,0,0,0,0
415,sản phẩm ok nhân viên ok,1,0,0,0,0,0,0,0,0,0,0,0,0
416,cửa hàng tu van khách hàng tan tình phục phục vu chu cháo đặc biet san phẫm tốt hon mong doi,1,0,0,1,0,0,0,0,0,0,0,0,0
417,sản phẩm giống mô tả giao hàng con chậm đến 7 ngày mới nhận được hàng,1,0,1,0,0,0,0,0,0,0,0,0,0
418,sản phẩm giống mô tả và tốt hơn mong đợi ok hàng tốt,1,0,0,0,0,0,0,0,0,0,0,0,0
419,giao đúng hàng đúng thời gian,0,0,1,0,0,0,0,0,0,0,0,0,0
420,sản phẩm tương đối giống mô tả cửa hàng phục vụ chấp nhận được,1,0,0,1,0,0,0,0,0,0,0,0,0
421,ghi là dùng pin a mở ra là 2 pin a,0,0,0,0,0,0,1,0,0,0,0,0,0
422,đúng mô tả chất lượng tuyệt vời,1,0,0,0,0,0,0,0,0,0,0,0,0
423,sản phẩm giống mô tả và tốt hơn mong đợi đóng gói hàng rất kỹ và chắc chắn chất lượng cần thời gian mới biết được,1,1,0,0,0,0,0,0,0,0,0,0,0
424,hình như do xài rồi,1,0,0,0,0,0,0,0,0,0,0,0,0
425,sản phẩm rất tốt chuột bấm rất nhạy,1,0,0,0,0,0,0,1,0,0,0,0,0
426,sản phẩm giống mô tả và tốt hơn mong đợi đóng gói hàng rất kỹ và chắc chắn ok hàng tốt,1,1,0,0,0,0,0,0,0,0,0,0,0
427,đóng gói hàng rất kỹ và chắc chắn sản phẩm giống mô tả và tốt hơn mong đợi,1,1,0,0,0,0,0,0,0,0,0,0,0
428,sản phẩm không tôt,1,0,0,0,0,0,0,0,0,0,0,0,0
429,đóng gói hàng cẩn thận chưa dùng thử lên không ko nhận xét về chất lượng,1,1,0,0,0,0,0,0,0,0,0,0,0
430,hàng tốt phí vận chuyển cao thành giá đắc,0,0,0,0,0,0,0,0,0,0,0,0,1
431,rất hài lòng về sản phẩm của cửa hàng,1,0,0,0,0,0,0,0,0,0,0,0,0
432,cửa hàng phục vụ cực kỳ nhiệt tình chất lượng sản phẩm xuất sắc cửa hàng giao nhanh đóng gói cẩn thận sản phẩm nhìn hài lòng hỗ trợ tận tình,1,1,1,1,0,0,0,0,0,0,0,0,0
433,sài ok không biết thời gian về sau sẽ ntn,1,0,0,0,0,0,0,0,0,0,0,0,0
434,đóng gói hàng rất kỹ và chắc chắn dung ok nha cửa hàng,1,1,0,0,0,0,0,0,0,0,0,0,0
435,sản phẩm giống mô tả đóng gói kỷ và chac chan nhiệt tình giao hàng nhanh truoc hẹn 2 ngày,1,1,1,0,0,0,0,0,0,0,0,0,0
436,hàng đúng như mô tả gói hàng cẩn thận giao hàng nhanh sạc không biết khi nào thì đầy vì lúc sạc đèn lúc nào cũng xanh cảm giác dùng rất nhẹ không chắc tay,1,1,0,0,1,0,0,0,0,0,0,0,0
437,không sử dụng được,1,0,0,0,0,0,0,0,0,0,0,0,0
438,sản phẩm giống mô tả và tốt hơn mong đợi đóng gói hàng rất kỹ và chắc chắn cửa hàng phục vụ cực kỳ nhiệt tình,1,1,0,1,0,0,0,0,0,0,0,0,0
439,đóng gói hàng rất kỹ và chắc chắn sản phẩm giống mô tả và tốt hơn mong đợi chất lượng sản phẩm xuất sắc,1,1,0,0,0,0,0,0,0,0,0,0,0
440,sản phẩm giống mô tả và tốt hơn mong đợi cửa hàng phục vụ cực kỳ nhiệt tình cửa hàng giao nhanh đóng gói cẩn thận sản phẩm nhìn hài lòng hỗ trợ tận tình,1,1,1,1,0,0,0,0,0,0,0,0,0
441,dùng tạm ổn,1,0,0,0,0,0,0,0,0,0,0,0,0
442,sản phẩm giống mô tả và tốt hơn mong đợi đóng gói hàng rất kỹ và chắc chắn san pham đẹp tam thoi su dung tot dong goi chac chan giao hang nhanh tang 5star chuc cửa hàng ngay cang phat trien,1,1,1,0,1,0,0,0,0,0,0,0,0
443,ben ngoai thi đề made in tai quá n trog thi china không có pin di kèm không có nút on of lun,0,0,0,0,0,0,1,0,1,1,0,0,0
444,chất lượng sản phẩm rất tệ sản phẩm không dùng dược rất tệ thất vọng,1,0,0,0,0,0,0,0,0,0,0,0,0
445,sản phẩm nhẹ mỏng hợp với giá tiền nhưng tại sao hàng mới lại nhìn như củ có vài vết chày,1,0,0,0,0,0,0,0,0,0,0,0,0
446,đóng gói hàng rất kỹ và chắc chắn chua dùng nên chua biết chất lượng nhung nhìn là ưng rồi,1,1,0,0,0,0,0,0,0,0,0,0,0
447,chất lượng sản phẩm xuất sắc đã dùng 2 ngày nói chung là rất tốt,1,0,0,0,0,0,0,0,0,0,0,0,0
448,sản phẩm chỉ hơi giống mô tả,1,0,0,0,0,0,0,0,0,0,0,0,0
449,tôi dât hai long vê chuot không dây vi no rup minh lam cho chiec dien thoai thanh mot chiec may tinh,1,0,0,0,0,0,0,0,0,0,0,0,0
450,sản phẩm giống mô tả và tốt hơn mong đợi đóng gói hàng rất kỹ và chắc chắn,1,1,0,0,0,0,0,0,0,0,0,0,0
451,đã hỏng,1,0,0,0,0,0,0,0,0,0,0,0,0
452,tiền giao hàng quá cao,0,0,0,0,0,0,0,0,0,0,0,0,1
453,nút không được nhạy lắm hoạt động tốt,1,0,0,0,0,0,0,1,0,0,0,0,0
454,giao hàng thiêu yêu cầu gọi lại khách 0941 677,0,0,1,0,0,0,0,0,0,0,0,0,0
455,sản phẩm đẹp chắc chắn bề mặt nhám rất êm tay dây sạc tốt chuột nhạy,1,0,0,0,1,0,0,0,0,0,0,0,0
456,tôt,1,0,0,0,0,0,0,0,0,0,0,0,0
457,sản phẩm ok,1,0,0,0,0,0,0,0,0,0,0,0,0
458,giao hàng nhanh sản phẩm ok tốt,0,0,1,0,0,0,0,0,0,0,0,0,0
459,hàng đẹp giống như hình còn chất lượng thì chưa dùng nên chưa biết thế nào mong là chất lượng sản phẩm xuất sắc,1,0,0,0,0,0,0,0,0,0,0,0,0
460,chuột có tem digiworld nhưng đóng gói quá tệ móp hết cả hộp mua giùm người ta mà ngại ghê như mua đồ cũ,1,1,0,0,0,0,0,0,0,0,0,0,0
461,sản phẩm giống mô tả và tốt hơn mong đợi đóng gói hàng rất kỹ và chắc chắn sản phẩm tốt so với tầm giá rẻ,1,1,0,0,0,1,0,0,0,0,0,0,0
462,sản phẩm giống mô tả và tốt hơn mong đợi tốt đấy rất nhạy,1,0,0,0,0,0,0,1,0,0,0,0,0
463,hàng đúng như mông đợi,1,0,0,0,0,0,0,0,0,0,0,0,0
464,sản phẩm không giống với mô tả,1,0,0,0,0,0,0,0,0,0,0,0,0
465,sản phẩm bên ngoài nhìn cũ không có tem bảo hành mòn sơn giống như đã qua sử dụng hộp không niệm phong,1,0,0,0,0,0,0,0,0,0,0,0,0
466,chất lượng sản phẩm tương đối tốt,1,0,0,0,0,0,0,0,0,0,0,0,0
467,moi su dung ma luc duoc luc ko hag kem chất luong,1,0,0,0,0,0,0,0,0,0,0,0,0
468,hài lòng hình thức chưa test thử với máy tính,1,0,0,0,1,0,0,0,0,0,0,0,0
469,mua về mà chuột không dùng được hàng kém chất lượng,1,0,0,0,0,0,0,0,0,0,0,0,0
470,cửa hàng nhiệt tình uy tính gởi sản phẩm đúng như mô tả và theo đơn đặt hàng bạn nào có nhu cầu ghé ủng hộ cửa hàng này nhé,1,0,0,1,0,0,0,0,0,0,0,0,0
471,sản phẩm hoàn toàn khác mô tả đóng gói hàng không cẩn thận thái độ phục vụ của cửa hàng rất kém nói thật thái độ làm ngơ khách hàng này thì sập tiệm sớm với dẹp cái bảng hiệu 34 sự hài lòng của khách hàng là mục tiêu hàng đầu của cửa hàng 34 đi thấy tởm quá,1,1,0,1,0,0,0,0,0,0,0,0,0
472,cửa hàng phục vụ cực kỳ nhiệt tình tốt,0,0,0,1,0,0,0,0,0,0,0,0,0
473,mới xài mà chuột đã không nhạy,1,0,0,0,0,0,0,0,0,0,0,0,0
474,giao hàng hơi lâu chuột dùng rất tốt,1,0,1,0,0,0,0,0,0,0,0,0,0
475,hàng đúng với quả ng cáo chất lượng hàng tốt,1,0,0,0,0,0,0,0,0,0,0,0,0
476,chất lượng sản phẩm xuất sắc sản phẩm giống mô tả và tốt hơn mong đợi đóng gói hàng rất kỹ và chắc chắn cửa hàng phục vụ cực kỳ nhiệt tình cửa hàng nhiệt tình dễ thuong hàng đúng chất,1,1,0,1,0,0,0,0,0,0,0,0,0
477,phí giao hàng cao quá hàng thì giống còn xài không biết có bền ko,1,0,1,0,0,0,0,0,0,0,0,0,1
478,chuột dùng bị đơ không di chuyển được liên hệ với cửa hàng không trả lời sản phẩm không tốt dịch vụ của cửa hàng rất tệ,1,0,0,1,0,0,0,1,0,0,0,0,0
479,đóng gói hàng rất kỹ và chắc chắn tốt,1,1,0,0,0,0,0,0,0,0,0,0,0
480,khác mô tả mô tả dùng 1 pin a mà mở ra dùng 2 pin a chán cửa hàng quá một lần bất tín vạn lần bất tin,1,0,0,0,0,0,0,0,0,0,0,0,0
481,đóng gói hàng cẩn thận chắc chắn không kèm theo pin cho khách,0,1,0,0,0,0,1,0,1,0,0,0,0
482,hàng không nguyên seal nhìn vỏ ngoài hơi cũ nhưng dùng ban đầu thấy chất lượng ok,1,0,0,0,0,0,0,0,0,0,0,0,0
483,sản phẩm giống mô tả và tốt hơn mong đợi chất lượng sản phẩm xuất sắc đóng gói hàng rất kỹ và chắc chắn cửa hàng phục vụ cực kỳ nhiệt tình hàng ok đẹp,1,1,0,0,1,0,0,0,0,0,0,0,0
484,chất lượng tốt chuẩn cửa hàng này làm ăn uy tín 5star,1,0,0,0,0,0,0,0,0,0,0,0,0
485,sản phẩm sử dụng tốt giống với mô tả,1,0,0,0,0,0,0,0,0,0,0,0,0
486,sản phẩm tốt cửa hàng rất uy tính,1,0,0,1,0,0,0,0,0,0,0,0,0
487,hàng tốt vượt mong đợi,1,0,0,0,0,0,0,0,0,0,0,0,0
488,sản phẩm đúng mô tả tốt,1,0,0,0,0,0,0,0,0,0,0,0,0
489,đảm bảo gói đẹp hàng bước đầu ok,1,0,0,0,0,0,0,0,0,0,0,0,0
490,k như mong đợi,1,0,0,0,0,0,0,0,0,0,0,0,0
491,mua ve sử dụng 5 xong vut di luôn hang không sử dụng được,1,0,0,0,0,0,0,0,0,0,0,0,0
492,sản phẩm giống mô tả và tốt hơn mong đợi đóng gói hàng rất kỹ và chắc chắn thay ưng,1,1,0,0,0,0,0,0,0,0,0,0,0
493,hàng này đến nay vẫn chưa giao nhưng xác nhận là đã giao đề nghị cửa hàng kiểm tra lại bên giao hàng có gian dối gì không,0,0,1,0,0,0,0,0,0,0,0,0,0
494,sản phẩm đúng như hình trên,1,0,0,0,0,0,0,0,0,0,0,0,0
495,sản phẩm giống mô tả và tốt hơn mong đợi đóng gói hàng rất kỹ và chắc chắn hàng ok được tặng lót chuột,1,1,0,0,0,0,0,0,1,0,0,0,0
496,giao không đúng màu,0,0,1,0,0,0,0,0,0,0,0,0,0
497,chất lượng sản phẩm xuất sắc đóng gói hàng rất kỹ và chắc chắn rat rat rat hai long san pham dong goi ky và bảo quả n rất kỹ cảm thấy hài lòng về sản phẩm và phù hợp túi tiền bình dân phụ kiện đi kèm đầy đủ cửa hàng rất chu đáo và vui vẻ nhiệt tình 5star,1,1,0,0,0,0,0,0,0,0,0,0,0
498,chất lượng sản phẩm tốt hơn mong đợi,1,0,0,0,0,0,0,0,0,0,0,0,0
499,mặt hàng dùng tốt,1,0,0,0,0,0,0,0,0,0,0,0,0
500,sản phẩm tốt chính hãng,1,0,0,0,0,0,0,0,0,0,0,0,0
501,sản phẩm giống mô tả và tốt hơn mong đợi chất lượng sản phẩm xuất sắc đóng gói hàng rất kỹ và chắc chắn cửa hàng phục vụ cực kỳ nhiệt tình ok sản phẩm giống mô tả ok đóng hàng ok phục vụ ok,1,1,0,1,0,0,0,0,0,0,0,0,0
502,sản phẩm giống mô tả hàng dùng kén bề mặt tiếp xuc,1,0,0,0,0,0,0,0,0,0,0,0,0
503,đặt màu đen giao màu xanh mà không thông báo cho khách nhưng sản phẩm dùng ok,1,0,1,0,0,0,0,0,0,0,0,0,0
504,chất lượng không như mong đợi đóng gói không có hộp cứng lên tay người dùng đã bẹp hết hôp,1,1,0,0,0,0,0,0,0,0,0,0,0
505,hàng xài được phù hợp với giá 49k,1,0,0,0,0,1,0,0,0,0,0,0,0
506,hàng tốt không có dây sạc,1,0,0,0,0,0,0,0,0,0,0,0,0
507,sản phẩm giống mô tả và tốt hơn mong đợi chất lượng sản phẩm xuất sắc đóng gói hàng rất kỹ và chắc chắn cửa hàng phục vụ cực kỳ nhiệt tình hang dong goi đẹp,1,1,0,0,0,0,0,0,0,0,0,0,0
508,sản phẩm tương đối giống mô tả chất lượng sản phẩm tương đối tốt cửa hàng phục vụ chấp nhận được chọn màu đen nhưng cửa hàng gửi màu trắng,1,0,1,0,0,0,0,0,0,0,0,0,0
509,chất lượng sản phẩm rất tệ chuột hỏng,1,0,0,0,0,0,0,0,0,0,0,0,0
510,k biết pin bằng đâu nhưng không cả cho cái đèn báo nữa tối thui,1,0,0,0,0,0,0,0,0,0,0,0,0
511,cửa hàng phục vụ cực kỳ nhiệt tình sản phẩm giống mô tả và tốt hơn mong đợi đóng gói hàng rất kỹ và chắc chắn chất lượng sản phẩm xuất sắc,1,1,0,1,0,0,0,0,0,0,0,0,0
512,sản phẩm đẹp hơn mong đợi,0,0,0,0,1,0,0,0,0,0,0,0,0
513,cửa hàng phục vụ cực kỳ nhiệt tình đóng gói hàng rất kỹ và chắc chắn chuột tốt được tặng phẩm kèm theo rất thích,0,1,0,1,0,0,0,0,0,0,0,0,0
514,sản phẩm giống mô tả và tốt hơn mong đợi đóng gói sơ sài sản phẩm chất lượng tốt,1,1,0,0,0,0,0,0,0,0,0,0,0
515,hơi chập chờn chút nhưng đủ xài với giá tiền,0,0,0,0,0,1,0,1,0,0,0,0,0
516,sản phẩm giống mô tả và tốt hơn mong đợi chuột tốt êm chế độ bật tắt đèn dây ngắn quá,1,0,0,0,0,0,0,0,0,1,0,0,0
517,cửa hàng phục vụ cực kỳ nhiệt tình tôt,0,0,0,1,0,0,0,0,0,0,0,0,0
518,chuột dạng này không có nút bấm giữa dù vẫn có con lăn nên nếu dùng cho vẽ vời đồ hoạ hay mở web trong tab mới thì không tiện,0,0,0,0,0,0,0,0,0,0,1,0,0
519,sản phẩm tương đối giống mô tả chất lượng sản phẩm tương đối tốt đóng gói hàng cẩn thận,1,1,0,0,0,0,0,0,0,0,0,0,0
520,cảm ơn cửa hàng e vừa nhận hàng chuột sử dụng rất ok điện thoại bị rớt hư màn hình có chuột rất tiện lợi,1,0,0,0,0,0,0,0,0,0,0,0,0
521,sản phẩm giống mô tả và tốt hơn mong đợi chất lượng sản phẩm xuất sắc tay nhỏ nên cầm chuột bự khó di chuyển,1,0,0,0,1,0,0,0,0,0,0,0,0
522,chất lượng sản phẩm xuất sắc đóng gói hàng rất kỹ và chắc chắn nên mua,1,1,0,0,0,0,0,0,0,0,0,0,0
523,chuot ok nhung lấp pin cứ bi lệch hic,1,0,0,0,0,0,0,0,0,0,0,0,0
524,cửa hàng phục vụ khá tốt sản phẩm giống mô tả,1,0,0,0,0,0,0,0,0,0,0,0,0
525,bên ngoài hộp đề made in tai quá n sao đằng sau cái chuột ghi china nút on of thì không có,0,0,1,0,0,0,0,0,0,1,0,0,0
526,cũng tạm hơi khác so với mẫu nhưng cài được,1,0,0,0,0,0,0,0,0,0,0,0,0
527,sản phẩm chỉ hơi giống mô tả trên hộp ghi có viên pin a mà giao cửa hàng đã lấy ra không giao cho khách có một sự không trung thực,1,0,0,1,0,0,1,0,0,0,0,0,0
528,đóng gói hàng chưa chắc chắn,0,1,0,0,0,0,0,0,0,0,0,0,0
529,sản phẩm giống mô tả 10 ngày nhận được hàng lâu quá sản phẩm được,1,0,1,0,0,0,0,0,0,0,0,0,0
530,dở lắm,1,0,0,0,0,0,0,0,0,0,0,0,0
531,chất lượng sản phẩm kém cửa hàng không kiểm tra hàng trước khi giao hàng không dùng được bật on đèn nhá cái rồi tắt,1,0,0,0,0,0,0,0,0,0,0,0,0
532,đóng gói bị móp hàng hàng bán không mua được số lượng nhiều 3 con để giảm chi phí giá bán lẻ thực tế là 102k chứ không phải 99k hay 69k nói chung không hài lòng với kiểu km này,0,1,0,0,0,1,0,0,0,0,0,0,0
533,sản phẩm giống mô tả chất lượng sản phẩm khá tốt đóng gói hàng cẩn thận chắc chắn cửa hàng phục vụ khá tốt cửa hàng phục vụ ok sản phẩm xài được,1,1,0,0,0,0,0,0,0,0,0,0,0
534,sản phẩm ok cảm ơn cửa hàng,1,0,0,0,0,0,0,0,0,0,0,0,0
535,tốt,1,0,0,0,0,0,0,0,0,0,0,0,0
536,đóng gói hàng không cẩn thận,0,1,0,0,0,0,0,0,0,0,0,0,0
537,sản phẩm giống mô tả và tốt hơn mong đợi huỷ,1,0,0,0,0,0,0,0,0,0,0,0,0
538,sản phẩm giống mô tả và tốt hơn mong đợi chất lượng sản phẩm xuất sắc đóng gói hàng rất kỹ và chắc chắn cửa hàng phục vụ cực kỳ nhiệt tình hàng ngon bấm rất em gần như không có tiếng chuột,1,1,0,1,0,0,0,0,0,0,0,0,0
539,tốt nhân viên đưa hàng nhiệt tình và cởi mở,1,0,0,1,0,0,0,0,0,0,0,0,0
540,chất lượng sản phẩm tương đối tốt cửa hàng phục vụ chấp nhận được san pham dung giao hang nhanh,1,0,1,0,0,0,0,0,0,0,0,0,0
541,sản phẩm giống mô tả đóng gói hàng cẩn thận chắc chắn chất lượng sản phẩm ok thời gian giao hàng hơi lâu nếu cải thiện là tuyệt vời,1,1,1,0,0,0,0,0,0,0,0,0,0
542,mua chuột không dây lai giao tai phone nghe nhạc trung quốc,0,0,1,0,0,0,0,0,0,0,0,0,0
543,chất lượng sản phẩm khá tốt đóng gói hàng cẩn thận chắc chắn,1,1,0,0,0,0,0,0,0,0,0,0,0
544,được đấy,1,0,0,0,0,0,0,0,0,0,0,0,0
545,sản phẩm giống mô tả và tốt hơn mong đợi sản phẩm tốt,1,0,0,0,0,0,0,0,0,0,0,0,0
546,đã nhận và dùng thử thấy được bền hay không thì chờ thời gian,1,0,0,0,0,0,0,0,0,0,0,0,0
547,sản phẩm tốt vượt mong đợi,1,0,0,0,0,0,0,0,0,0,0,0,0
548,sản phẩm giống mô tả và tốt hơn mong đợi đóng gói hàng rất kỹ và chắc chắn cửa hàng phục vụ cực kỳ nhiệt tình sản phẩm tốt vượt mong đợi,1,1,0,1,0,0,0,0,0,0,0,0,0
549,ngon bổ rẻ,1,0,0,0,0,1,0,0,0,0,0,0,0
550,dùng ok mỗi cái là phí giao hàng hơi cao đáng mua nhé mọi người sản phẩm không kèm pin đâu,1,0,0,0,0,0,0,0,1,0,0,0,1
551,sao mua cua cửa hàng noi la mien phi van chuyen ma không mien phi,0,0,0,0,0,0,0,0,0,0,0,0,1
552,sản phẩm giống mô tả và tốt hơn mong đợi chất lượng sản phẩm xuất sắc đóng gói hàng rất kỹ và chắc chắn cửa hàng phục vụ cực kỳ nhiệt tình rất thích sản phẩm này,1,1,0,1,0,0,0,0,0,0,0,0,0
553,hàng tốt giá hợp lý,1,0,0,0,0,1,0,0,0,0,0,0,0
554,ok,1,0,0,0,0,0,0,0,0,0,0,0,0
555,xai tot se ung ho them,1,0,0,0,0,0,0,0,0,0,0,0,0
556,sản phẩm giống mô tả và tốt hơn mong đợi chất lượng sản phẩm xuất sắc đóng gói hàng rất kỹ và chắc chắn cửa hàng phục vụ cực kỳ nhiệt tình okokok,1,1,0,1,0,0,0,0,0,0,0,0,0
557,sản phẩm giống mô tả và tốt hơn mong đợi chất lượng sản phẩm xuất sắc cửa hàng phục vụ cực kỳ nhiệt tình rất tốt,1,0,0,1,0,0,0,0,0,0,0,0,0
558,sản phẩm giống mô tả và tốt hơn mong đợi cám ơn cửa hàng,1,0,0,0,0,0,0,0,0,0,0,0,0
559,sản phẩm giống mô tả chất lượng sản phẩm khá tốt đóng gói hàng cẩn thận chắc chắn cửa hàng phục vụ khá tốt,1,1,0,0,0,0,0,0,0,0,0,0,0
560,sản phẩm giống mô tả và tốt hơn mong đợi chất lượng sản phẩm xuất sắc đóng gói hàng rất kỹ và chắc chắn cửa hàng phục vụ cực kỳ nhiệt tình chuột đẹp dùng rất thích,1,1,0,0,1,0,0,0,0,0,0,0,0
561,giao hàng rất nhanh mình đặt chưa đầy 2 ngày đến tay mình ở hà nội chất lượng tương xứng với giá 39k thậm chí mình cảm thấy có phần tốt hơn mong đợi chuột nhựa sần cầm khá chắc tay bấm nhạy đứng xa khoảng hơn 4m là không bắt được tín hiệu nữa rồi mặc dù vỏ chuột quả ng cáo 10m nhưng thôi thế là quá ngon rùi nút cuộn mượt bình thường nói chung đơn giản 3 phím trái phải cuộn hoạt động ok lại còn bảo hành 2 năm giá 39k quá ngon với ví mỏng nhu cầu đơn giản không game,1,0,1,0,1,1,0,1,0,0,0,0,0
562,hàng hơi khác hình mẫu nhưng chắc dùng tốt mỗi tội đóng gói hàng chưa kỹ lắm,1,1,0,0,0,0,0,0,0,0,0,0,0
563,hang thi được nhung chu cửa hàng ban thi chảnh qua,1,0,0,1,0,0,0,0,0,0,0,0,0
564,giao hàng rất nhanh mẫu mã đẹp nhưng cửa hàng giao bị sai màu mình đặt 3 cái 3 màu khác nhau nhưng giao có 2 cái cùng màu chất lượng thì chưa biết thế nào tạm thời cho 5star,1,0,1,0,1,0,0,0,0,0,0,0,0
565,sản phẩm hoàn toàn khác mô tả tôi đặt chuột không dây del màu đỏ mà cửa hàng giao chuột asus màu đen,0,0,1,0,0,0,0,0,0,0,0,0,0
566,trên cả tuyệt vời rất đáng đồng tiền bát gạo hàng mới 100 nguyên seal cần lắm những cửa hàng bán uy tín như thế này,1,0,0,0,0,0,0,0,0,0,0,0,0
567,sản phẩm hoàn toàn khác mô tả không phải chuột bluetoth mà là chuột cắm usb,1,0,0,0,0,0,0,0,0,0,0,0,0
568,hàng được đóng gói cẩn thận chất lượng rất tốt các phím tắt có thể được điều chỉnh dễ dàng và tiện lợi sử dụng nhìn chung thì mình rất hài lòng với sản phẩm này của logitech,1,1,0,0,0,0,0,0,0,0,0,0,0
569,cửa hàng gửi con chuột del màu xanh bị hỏng về không dùng được chán quá,1,0,0,0,0,0,0,0,0,0,0,0,0
570,sản phẩm đúng miêu tả,1,0,0,0,0,0,0,0,0,0,0,0,0
571,chất lượng sản phẩm xuất sắc đóng gói hàng rất kỹ và chắc chắn sản phẩm chất lượng rất tốt có cảm giác độ phân giải hơn các loại chuột khác ngoài thị trường quá tốt so với giá cả cửa hàng đóng hàng rất cẩn thận cám ơn,1,1,0,0,0,0,0,0,0,0,0,0,0
572,sản phẩm giống mô tả và tốt hơn mong đợi xài tố t,1,0,0,0,0,0,0,0,0,0,0,0,0
573,sản phẩm giống mô tả và tốt hơn mong đợi chất lượng sản phẩm xuất sắc đóng gói hàng rất kỹ và chắc chắn cửa hàng phục vụ cực kỳ nhiệt tình giao hàng nhanh chuột tốt,1,1,1,1,0,0,0,0,0,0,0,0,0
574,không dùng được,1,0,0,0,0,0,0,0,0,0,0,0,0
575,sản phẩm giống mô tả và tốt hơn mong đợi sản phẩm tốt,1,0,0,0,0,0,0,0,0,0,0,0,0
576,chuột máy tính không sử dụng được,1,0,0,0,0,0,0,0,0,0,0,0,0
577,sản phẩm giống mô tả và tốt hơn mong đợi chất lượng sản phẩm xuất sắc đóng gói hàng rất kỹ và chắc chắn cửa hàng phục vụ cực kỳ nhiệt tình tuyệt vời cảm ơn senđo và cửa hàng nhé chúc các bạn thành công,1,1,0,1,0,0,0,0,0,0,0,0,0
578,giá 54k thu 74k làm ăn như lol,0,0,0,0,0,1,0,0,0,0,0,0,0
579,dùng ok,1,0,0,0,0,0,0,0,0,0,0,0,0
580,sản phẩm giống mô tả và tốt hơn mong đợi chất lượng sản phẩm xuất sắc đóng gói hàng rất kỹ và chắc chắn cửa hàng phục vụ cực kỳ nhiệt tình chuột không có nút tắt mở,1,1,0,0,0,0,0,0,0,1,0,0,0
581,sản phẩm giống mô tả và tốt hơn mong đợi đóng gói hàng rất kỹ và chắc chắn sản phẩm rất tốt cảm ơn cửa hàng,1,1,0,0,0,0,0,0,0,0,0,0,0
582,pin ok nhưng chuột ít nhạy và không hài lòng,1,0,0,0,0,0,0,1,0,0,0,0,0
583,sản phẩm giống mô tả và tốt hơn mong đợi tốt,1,0,0,0,0,0,0,0,0,0,0,0,0
584,chất lượng sản phẩm xuất sắc đóng gói hàng rất kỹ và chắc chắn cửa hàng phục vụ cực kỳ nhiệt tình tốt,1,1,0,1,0,0,0,0,0,0,0,0,0
585,tai nge kém chỉ nge được 1 ben thoi,1,0,0,0,0,0,0,0,0,0,0,0,0
586,quá kém chất lượng,1,0,0,0,0,0,0,0,0,0,0,0,0
587,sản phẩm giống mô tả cửa hàng phục vụ khá tốt,1,0,0,1,0,0,0,0,0,0,0,0,0
588,giao hàng đúng thời hạn nhưng chất lượng hàng chưa tốt lắm nút bấm hơi bị kẹt,1,0,1,0,0,0,0,0,0,0,0,0,0
589,sản phẩm giống mô tả và tốt hơn mong đợi cửa hàng phục vụ cực kỳ nhiệt tình rất tốt ok năm sao,1,0,0,1,0,0,0,0,0,0,0,0,0
590,đóng gói hàng cẩn thận,0,1,0,0,0,0,0,0,0,0,0,0,0
591,đóng gói hàng cẩn thận chuột giống mô tả,1,1,0,0,0,0,0,0,0,0,0,0,0
592,sản phẩm chất lượng tốt,1,0,0,0,0,0,0,0,0,0,0,0,0
593,tốt rất hài lòng,1,0,0,0,0,0,0,0,0,0,0,0,0
594,tốt comutication great sản phẩm,1,0,0,1,0,0,0,0,0,0,0,0,0
595,hàng rẻ nên ọp ẹp chấp nhận trong tầm giá,1,0,0,0,0,1,0,0,0,0,0,0,0
596,chuột bay chỉ là km800v thôi chứ không phải là km900 như là quả ng cáo không đúng sản phẩm,1,0,0,0,0,0,0,0,0,0,0,0,0
597,cửa hàng phục vụ cực kỳ nhiệt tình ok,0,0,0,1,0,0,0,0,0,0,0,0,0
598,đóng gói hàng cẩn thận chắc chắn tốt,0,1,0,0,0,0,0,0,0,0,0,0,0
599,sản phẩm giống mô tả và tốt hơn mong đợi tốt,1,0,0,0,0,0,0,0,0,0,0,0,0
600,sản phẩm tốt như da miêu tả,1,0,0,0,0,0,0,0,0,0,0,0,0
601,sản phẩm giống mô tả đóng gói hàng cẩn thận chắc chắn cửa hàng phục vụ khá tốt nhà vận chuyển chưa tích cực,1,1,1,0,0,0,0,0,0,0,0,0,0
602,giá rẻ chất lượng tốt,1,0,0,0,0,0,0,0,0,0,0,0,0
603,sản phẩm giống mô tả và tốt hơn mong đợi đóng gói hàng rất kỹ và chắc chắn cửa hàng phục vụ cực kỳ nhiệt tình chất lượng thì còn về sau nhé,1,1,0,1,0,0,0,0,0,0,0,0,0
604,sản phẩm giống mô tả và tốt hơn mong đợi sản phẩm giống mô tả tốt hơn mong đợi chất lượng sản phẩm xuất sắc đóng gói rất kỹ chắc chắn cửa hàng phục vụ cực kỳ nhiệt tìn,1,1,0,1,0,0,0,0,0,0,0,0,0
605,sản phẩm giống mô tả chất lượng sản phẩm khá tốt cửa hàng phục vụ khá tốt,1,0,0,1,0,0,0,0,0,0,0,0,0
606,sản phẩm giống mô tả chất lượng sản phẩm khá tốt đóng gói hàng cẩn thận chắc chắn,1,1,0,0,0,0,0,0,0,0,0,0,0
607,cầm trên tay mới biết chuột nhái asus tính ra đâu phải giảm giá gì cắm máy main asus thì xài ok main giga không xài được,1,0,0,0,0,0,0,0,0,0,0,0,0
608,sản phẩm đúng như mô tả,1,0,0,0,0,0,0,0,0,0,0,0,0
609,khá tốt,1,0,0,0,0,0,0,0,0,0,0,0,0
610,sản phẩm giống mô tả và tốt hơn mong đợi cửa hàng nhiệt tình và uy tính,1,0,0,1,0,0,0,0,0,0,0,0,0
611,sản phẩm giống mô tả và tốt hơn mong đợi đóng gói hàng rất kỹ và chắc chắn sửa dụng tốt cầm nắm rất thích,1,1,0,0,0,0,0,0,0,0,0,0,0
612,nên kèm theo vài viên pin để khách hàng có thể sử dụng luôn,0,0,0,0,0,0,1,0,1,0,0,0,0
613,chất lượng tốt so với giá,1,0,0,0,0,1,0,0,0,0,0,0,0
614,cửa hàng phục vụ chấp nhận được,0,0,0,1,0,0,0,0,0,0,0,0,0
615,sản phẩm sâu mua về kiểm tra da không có công tắc tat mở hang không nên mua,1,0,0,0,0,0,0,0,0,1,0,0,0
616,giao sai hàng đặt chuột gì edel lại giao chuột tvbest khi lắp pin thì chuột không chạy xung quanh chuột bị trầy xước nhiều sản phẩm kém,1,0,1,0,0,0,0,0,0,0,0,0,0
617,hàng bị lỗi phải chạy ra cửa hàng đổi lại cái mới,1,0,0,0,0,0,0,0,0,0,0,0,0
618,sản phẩm giống mô tả chưa sử dụng nhug thấy cũng đẹp,1,0,0,0,1,0,0,0,0,0,0,0,0
619,tôi chưa nhận được hàng mà sao cửa hàng nói đơn hàng đã được chuyển đến bạn,0,0,1,0,0,0,0,0,0,0,0,0,0
620,sản phẩm không có nút nguồn bật tắt hơi buồn,0,0,0,0,0,0,0,0,0,1,0,0,0
621,cửa hàng phục vụ chấp nhận được cửa hàng rat dễ thương nhưng tiếc là đóng goi hàng không kỹ lắm chuột co pin sẵn va tem bảo hanh đẹp nhưng chạy không êm chuột nhảy loạng xạ 49k với giá tiền này nên chấp nhận,1,1,0,1,1,1,0,0,0,0,0,0,0
622,ok,1,0,0,0,0,0,0,0,0,0,0,0,0
623,sản phẩm giống mô tả và tốt hơn mong đợi chất lượng sản phẩm xuất sắc hàng đúng chính hãng tem thế giới số cửa hàng đóng gói hơi bị sơ xài,1,1,0,0,0,0,0,0,0,0,0,0,0
624,chuột trái bấm ít nhạy,0,0,0,0,0,0,0,0,0,0,0,0,0
625,sản phẩm giống mô tả và tốt hơn mong đợi chuột nhanh nhạy dễ sử dụng lắp vào máy tính là dùng được luôn,1,0,0,0,0,0,0,1,0,0,0,0,0
626,cửa hàng phục vụ cực kỳ nhiệt tình chuột ok chỉ mỗi cái cửa hàng không cho pin,0,0,0,1,0,0,1,0,1,0,0,0,0
627,sản phẩm giống mô tả và tốt hơn mong đợi đóng gói hàng rất kỹ và chắc chắn như mo tả,1,1,0,0,0,0,0,0,0,0,0,0,0
628,sản cung tạm được,1,0,0,0,0,0,0,0,0,0,0,0,0
629,thái độ phục vụ của cửa hàng rất kém,0,0,0,1,0,0,0,0,0,0,0,0,0
630,đóng gói hàng rất kỹ và chắc chắn ok,1,1,0,0,0,0,0,0,0,0,0,0,0
631,đóng gói kĩ dùng thử thì ok,0,1,0,0,0,0,0,0,0,0,0,0,0
632,sản phẩm ok nên mua,1,0,0,0,0,0,0,0,0,0,0,0,0
633,dùng tạm,1,0,0,0,0,0,0,0,0,0,0,0,0
634,dùng tốt,1,0,0,0,0,0,0,0,0,0,0,0,0
635,ok tốt,1,0,0,0,0,0,0,0,0,0,0,0,0
636,sản phẩm giống mô tả và tốt hơn mong đợi hàng đẹp kết nối ngon lành đúng chất aple màu đen xám khá sang đỡ bị bẩn giao hàng hoả tốc 1 tiếng là nhận được cửa hàng hỗ trợ giao nhanh,1,0,0,0,1,0,0,0,0,0,0,1,0
637,đóng gói hàng rất kỹ và chắc chắn sản phẩm giống mô tả,1,1,0,0,0,0,0,0,0,0,0,0,0
638,sản phẩm giống mô tả ok tốt giao hàng nhanh,1,0,1,0,0,0,0,0,0,0,0,0,0
639,nếu có 4 5 star thì tôi sẽ chấm 4 5 nhưng không có nên đành cho 5star bàn phím khá nặng nhưng chắc chắn còn chuột có khi lắc có tiếng lọc sọc nên chắc dẽ hỏng đội shiper có vẻ hơi ngáo nghưng không liên quan đến cửa hàng ngoài chuột thao tác dễ mò trong khi sách hướng dẫn đầy đủ thì bàn phím không có sách hướng dẫn thao tác chỉ cố hdsd nên p tự mò coi như một điểm trừ còn riếng sạc pin thì không có giấy hướng đẫn nên không bik nên kiêng gì,1,0,0,0,0,0,0,0,0,0,0,0,0
640,ko có đầu receiver thu chuột không hiểu nỗi giao hàng ntn,0,0,0,0,0,0,0,0,1,0,0,0,0
641,tôt,1,0,0,0,0,0,0,0,0,0,0,0,0
642,đóng gói hàng rất kỹ và chắc chắn pk,0,1,0,0,0,0,0,0,0,0,0,0,0
643,cửa hàng phục vụ khá tốt giống mẫu,1,0,0,1,0,0,0,0,0,0,0,0,0
644,sản phẩm giống mô tả và tốt hơn mong đợi đóng gói hàng rất kỹ và chắc chắn mới nhận sản phẩm tốt giống hình minh hoạ để xem thời gian sau như thế nào,1,1,0,0,0,0,0,0,0,0,0,0,0
645,sản phẩm dùng ổn khá nhạy hình thức không đẹp lắm không có tiếng 34 click 34 mình không thích điều này giá vận chuyển quá cao gần bằng giá sản phẩm xem lại đối tác vận chuyển nhé dù sao mình vẫn ưng ý và tặng 5star cho cửa hàng,1,0,0,0,1,0,0,1,0,0,0,0,1
646,tuyệt vời,1,0,0,0,0,0,0,0,0,0,0,0,0
647,sản phẩm chuẩn mô tả,1,0,0,0,0,0,0,0,0,0,0,0,0
648,sản phẩm giống mô tả và tốt hơn mong đợi chất lượng sản phẩm xuất sắc đóng gói hàng rất kỹ và chắc chắn cửa hàng phục vụ cực kỳ nhiệt tình rất hài lòng khi nhận được sản phẩm,1,1,0,1,0,0,0,0,0,0,0,0,0
649,sản phẩm đúng mô tả,1,0,0,0,0,0,0,0,0,0,0,0,0
650,lắp pin vào bật không lên nó nháy 1 cái rồi tắt,1,0,0,0,0,0,0,0,0,0,0,0,0
651,máy chạy được đang tiếp tục trải nghiệm chất lượng cảm ơn,1,0,0,0,0,0,0,0,0,0,0,0,0
652,sản phẩm đúng mô tả,1,0,0,0,0,0,0,0,0,0,0,0,0
653,sản phẩm giống mô tả và tốt hơn mong đợi giao hàng chậm mất tận 5 ngày chỉ từ hà nội đến thái nguyên,1,0,1,0,0,0,0,0,0,0,0,0,0
654,sản phẩm không dán tem bảo hành chỉ có tem của nhà nhập khẩu mai mốt bị hư cũng không có căn cứ gì để yêu cầu bảo hành được chuột này nói là bảo hành 3 năm mà mình mới xài 2 năm đã hỏng rồi,0,0,0,0,0,0,0,0,0,0,0,0,0
655,giáo hàng nhanh chuột đẹp lắm cửa hàng nếu dùng bền sẽ ủng hộ cửa hàng thêm,0,0,1,0,1,0,0,0,0,0,0,0,0
656,sử dụng tốt lần sau cho mỗi loại một con,1,0,0,0,0,0,0,0,0,0,0,0,0
657,hàng ok,1,0,0,0,0,0,0,0,0,0,0,0,0
658,k giống mẫu,0,0,0,0,1,0,0,0,0,0,0,0,0
659,sản phẩm tốt giao hàng nhanh,1,0,1,0,0,0,0,0,0,0,0,0,0
660,tạm,1,0,0,0,0,0,0,0,0,0,0,0,0
661,sản phẩm giống mô tả và tốt hơn mong đợi chất lượng sản phẩm xuất sắc đóng gói hàng rất kỹ và chắc chắn cửa hàng phục vụ cực kỳ nhiệt tình sản phẩm xài rất ok gửi hàng nhanh đáng nể cửa hàng rất nhiệt tình cám ơn you,1,1,1,1,0,0,0,0,0,0,0,0,0
662,ko có cổng sạc kết nối với tivi,0,0,0,0,0,0,0,0,0,0,0,1,0
663,cửa hàng phục vụ cực kỳ nhiệt tình,0,0,0,1,0,0,0,0,0,0,0,0,0
664,gần giống mô tả hơi lỏng lẻo,1,0,0,0,0,0,0,0,0,0,0,0,0
665,hàng đúng mô tả nhưng mình không biết phải làm sao để có thể kết nối với tv được nho cửa hàng hướng dẫn cho mình với nhé,0,0,0,0,0,0,0,0,0,0,0,1,0
666,hài lòng về tính năng của chuột đặc biệt có chức năng voice còn về độ bền thì phải chờ thời gian hy vong cũng ok,1,0,0,0,0,0,0,0,0,0,0,0,0
